horizon,mse,rmse,mae,mape,model
1,0.00527423107996583,0.07262390106916428,0.04744753614068031,99.31495189666748,naive_persistence
5,0.011048110201954842,0.10510998964309692,0.08590187877416611,99.72488284111023,naive_persistence
20,0.02923380210995674,0.17097894847393036,0.1481683999300003,99.99997615814209,naive_persistence
30,0.017870787531137466,0.13368166983127594,0.10705911368131638,99.99993443489075,naive_persistence
1,0.010785683014058942,0.10385414297975282,0.08414797458067182,6517474.277040828,seasonal_naive
5,0.011048110261396175,0.1051099912539059,0.0859018815593628,99.72487972095924,seasonal_naive
20,0.029233800675047546,0.17097894804638245,0.1481684102893691,99.99998538042475,seasonal_naive
30,0.017870787251084583,0.13368166385516222,0.1070591061828938,99.99993421498992,seasonal_naive
1,0.00539678038226934,0.0734627822932765,0.0487754769067441,499114.6870863304,linear_ridge
5,0.013174105911596373,0.11477850805615297,0.09676052383998734,314051.4717891597,linear_ridge
20,0.05075539928440762,0.2252895898269772,0.1943711698576379,223.0600409220028,linear_ridge
30,0.08546451441876964,0.2923431449833733,0.2721418602463873,1132.2053032776266,linear_ridge
1,0.007313789922218202,0.08552069879402414,0.06556258231581763,4037847.9769671513,linear_lasso
5,0.019693136793059104,0.1403322371839739,0.12025275396419498,3219034.2901933347,linear_lasso
20,0.07327198257665082,0.27068798011114353,0.24493104739750457,300.16415367465805,linear_lasso
30,0.11461564659736793,0.33854932668278626,0.321276706996779,1509.081105789943,linear_lasso
1,0.005581322591751814,0.0747082531452179,0.05158746987581253,2110870.3125,tsm
5,0.01349345687776804,0.11616133898496628,0.0940244197845459,1213077.05078125,tsm
20,0.06914637237787247,0.26295697689056396,0.22704127430915833,248.6858367919922,tsm
30,0.09056054800748825,0.30093279480934143,0.25005221366882324,1389.3241882324219,tsm
1,0.00527423107996583,0.07262390106916428,0.04744753614068031,99.31495189666748,naive_persistence_llm_subset
5,0.011048110201954842,0.10510998964309692,0.08590187877416611,99.72488284111023,naive_persistence_llm_subset
20,0.02923380210995674,0.17097894847393036,0.1481683999300003,99.99997615814209,naive_persistence_llm_subset
30,0.017870787531137466,0.13368166983127594,0.10705911368131638,99.99993443489075,naive_persistence_llm_subset
1,0.010785683014058942,0.10385414297975282,0.08414797458067182,6517474.277040828,seasonal_naive_llm_subset
5,0.011048110261396175,0.1051099912539059,0.0859018815593628,99.72487972095924,seasonal_naive_llm_subset
20,0.029233800675047546,0.17097894804638245,0.1481684102893691,99.99998538042475,seasonal_naive_llm_subset
30,0.017870787251084583,0.13368166385516222,0.1070591061828938,99.99993421498992,seasonal_naive_llm_subset
1,0.00539678038226934,0.0734627822932765,0.0487754769067441,499114.6870863304,linear_ridge_llm_subset
5,0.013174105911596373,0.11477850805615297,0.09676052383998734,314051.4717891597,linear_ridge_llm_subset
20,0.05075539928440762,0.2252895898269772,0.1943711698576379,223.0600409220028,linear_ridge_llm_subset
30,0.08546451441876964,0.2923431449833733,0.2721418602463873,1132.2053032776266,linear_ridge_llm_subset
1,0.007313789922218202,0.08552069879402414,0.06556258231581763,4037847.9769671513,linear_lasso_llm_subset
5,0.019693136793059104,0.1403322371839739,0.12025275396419498,3219034.2901933347,linear_lasso_llm_subset
20,0.07327198257665082,0.27068798011114353,0.24493104739750457,300.16415367465805,linear_lasso_llm_subset
30,0.11461564659736793,0.33854932668278626,0.321276706996779,1509.081105789943,linear_lasso_llm_subset
1,0.005581322591751814,0.0747082531452179,0.05158746987581253,2110870.3125,tsm_llm_subset
5,0.01349345687776804,0.11616133898496628,0.0940244197845459,1213077.05078125,tsm_llm_subset
20,0.06914637237787247,0.26295697689056396,0.22704127430915833,248.6858367919922,tsm_llm_subset
30,0.09056054800748825,0.30093279480934143,0.25005221366882324,1389.3241882324219,tsm_llm_subset
