Price,Close,High,Low,Open,Volume
Ticker,KCCA,KCCA,KCCA,KCCA,KCCA
Date,,,,,
2021-10-05,25.9300003052,26.1499996185,25.5000000000,25.5000000000,73600
2021-10-06,25.2339992523,26.6749992371,25.2339992523,25.9300003052,143800
2021-10-07,24.5179996490,25.0000000000,24.4699993134,24.9599990845,46300
2021-10-08,24.0750007629,24.6499996185,24.0100002289,24.6200008392,36500
2021-10-11,24.3600006104,24.4099998474,24.1399993896,24.1399993896,21200
2021-10-12,24.7000007629,24.9699993134,24.4099998474,24.6200008392,37700
2021-10-13,24.8470001221,25.0699996948,24.7500000000,25.0000000000,32000
2021-10-14,24.8540000916,25.0000000000,24.7500000000,25.0000000000,33900
2021-10-15,24.8250007629,25.0000000000,24.7900009155,25.0000000000,20000
2021-10-18,24.9500007629,25.0499992371,24.8400001526,25.0499992371,15000
2021-10-19,25.0000000000,25.0200004578,24.7999992371,25.0000000000,65900
2021-10-20,25.1399993896,25.1900005341,25.0550003052,25.1299991608,55100
2021-10-21,25.8500003815,26.3700008392,25.1700000763,25.2999992371,249500
2021-10-22,26.6599998474,26.8400001526,26.0000000000,26.4899997711,38600
2021-10-25,26.9699993134,27.0100002289,26.8299999237,26.9500007629,54800
2021-10-26,26.9300003052,27.4200000763,26.6499996185,27.2500000000,296200
2021-10-27,26.4409999847,26.9300003052,26.2199993134,26.5000000000,116900
2021-10-28,26.4099998474,26.5400009155,26.2600002289,26.5400009155,205000
2021-10-29,26.9799995422,26.9899997711,26.2199993134,26.3899993896,302300
2021-11-01,28.2999992371,28.3700008392,27.0599994659,27.3400001526,64700
2021-11-02,28.2700004578,28.5400009155,28.1000003815,28.5300006866,530600
2021-11-03,28.2029991150,28.3500003815,28.1499996185,28.3199996948,54000
2021-11-04,27.9050006866,28.2600002289,27.9050006866,28.2600002289,46600
2021-11-05,27.9099998474,27.9899997711,27.6499996185,27.7800006866,52600
2021-11-08,28.1319999695,28.1700000763,27.9950008392,28.0599994659,106300
2021-11-09,28.4699993134,28.5400009155,28.2099990845,28.2900009155,90300
2021-11-10,29.3400001526,29.4899997711,28.5450000763,28.6499996185,93900
2021-11-11,29.9400005341,30.1000003815,29.2700004578,29.4400005341,45100
2021-11-12,30.1499996185,30.2900009155,29.8750000000,30.2900009155,49600
2021-11-15,31.3899993896,31.5200004578,30.1800003052,30.1800003052,107000
2021-11-16,30.6399993896,31.4899997711,30.5900001526,31.3999996185,108800
2021-11-17,30.6399993896,30.7700004578,30.0499992371,30.6900005341,105500
2021-11-18,31.0499992371,31.4099998474,30.4039993286,30.5400009155,87800
2021-11-19,30.8099994659,31.3400001526,30.7000007629,31.2199993134,76200
2021-11-22,30.8299999237,31.0499992371,30.7999992371,30.7999992371,141700
2021-11-23,30.3419990540,30.8400001526,30.1599998474,30.8299999237,39700
2021-11-24,26.5000000000,30.5000000000,26.0200004578,30.1399993896,357900
2021-11-26,27.2549991608,27.9449996948,26.7500000000,26.7500000000,143400
2021-11-29,28.0499992371,28.5510005951,27.7000007629,27.7900009155,82400
2021-11-30,27.6900005341,28.1299991608,26.9699993134,28.0699996948,96600
2021-12-01,26.8199996948,28.0100002289,26.7999992371,27.8199996948,95100
2021-12-02,24.4500007629,25.6700000763,23.3910007477,25.4899997711,550600
2021-12-03,24.5100002289,24.8500003815,23.7859992981,24.0200004578,343200
2021-12-06,25.5499992371,25.5799999237,24.3999996185,24.6599998474,271200
2021-12-07,26.1200008392,26.9659996033,25.7000007629,26.0000000000,170200
2021-12-08,28.0400009155,28.0900001526,26.7099990845,26.9099998474,263300
2021-12-09,27.0000000000,27.9500007629,26.9629993439,27.5900001526,184200
2021-12-10,26.7299995422,27.3600006104,26.6900005341,27.3600006104,101300
2021-12-13,25.8700008392,26.8899993896,25.6499996185,26.8899993896,131400
2021-12-14,25.2600002289,25.9400005341,24.8500003815,25.9400005341,124200
2021-12-15,26.2099990845,26.2099990845,25.4200000763,25.4200000763,54900
2021-12-16,26.2000007629,26.5900001526,26.0699996948,26.4300003052,75800
2021-12-17,25.5000000000,25.9799995422,24.9750003815,25.9799995422,136400
2021-12-20,25.2800006866,25.6170005798,24.8999996185,25.2000007629,60300
2021-12-21,25.8999996185,25.8999996185,25.2700004578,25.2700004578,102600
2021-12-22,26.2000007629,26.3400001526,25.6700000763,26.0000000000,30600
2021-12-23,26.2999992371,26.6350002289,26.2700004578,26.4599990845,60600
2021-12-27,26.8299999237,26.8649997711,26.1700000763,26.2800006866,108600
2021-12-28,27.1329994202,27.1900005341,26.7000007629,26.9300003052,65600
2021-12-29,27.5799999237,27.7399997711,27.2700004578,27.4899997711,88100
2021-12-30,27.7800006866,27.8999996185,27.4200000763,27.4200000763,105900
2021-12-31,28.2399997711,28.2399997711,27.7500000000,27.7919998169,55600
2022-01-03,29.0000000000,29.1499996185,28.1000003815,28.1800003052,114300
2022-01-04,28.7800006866,29.2999992371,28.6100006104,29.2999992371,63500
2022-01-05,28.7500000000,28.8600006104,28.3199996948,28.4699993134,101000
2022-01-06,28.1100006104,28.6749992371,27.7000007629,28.6749992371,56500
2022-01-07,27.8199996948,28.1200008392,27.6700000763,28.1200008392,54000
2022-01-10,26.9099998474,27.6599998474,26.5000000000,27.6599998474,113600
2022-01-11,26.3500003815,27.0000000000,26.2800006866,26.7500000000,76800
2022-01-12,26.4500007629,26.4899997711,25.7800006866,26.4300003052,138900
2022-01-13,27.1000003815,27.3199996948,26.7549991608,26.7950000763,53300
2022-01-14,26.9099998474,27.1000003815,26.7399997711,26.9599990845,28900
2022-01-18,26.6299991608,26.9500007629,26.4950008392,26.9099998474,27700
2022-01-19,26.2000007629,26.5900001526,26.1200008392,26.5599994659,101800
2022-01-20,25.9200000763,26.2399997711,25.8400001526,25.9799995422,60000
2022-01-21,25.0699996948,25.8299999237,25.0499992371,25.8299999237,125000
2022-01-24,24.3899993896,24.9300003052,23.5000000000,24.9300003052,179100
2022-01-25,24.7600002289,24.7900009155,23.5750007629,24.3799991608,158400
2022-01-26,24.3999996185,25.1319999695,24.3999996185,25.1000003815,31800
2022-01-27,24.5599994659,24.9790000916,24.0000000000,24.0000000000,68200
2022-01-28,24.4799995422,25.0599994659,24.2099990845,24.5900001526,106700
2022-01-31,24.5200004578,24.8299999237,24.0300006866,24.0300006866,54300
2022-02-01,24.6200008392,24.9599990845,24.2099990845,24.7800006866,54400
2022-02-02,25.1399993896,25.2999992371,24.8750000000,25.0000000000,46000
2022-02-03,24.3099994659,25.4799995422,24.3099994659,24.9400005341,56800
2022-02-04,25.1200008392,25.1800003052,24.3799991608,24.3799991608,45700
2022-02-07,24.4500007629,25.1100006104,24.2500000000,25.0300006866,66000
2022-02-08,24.2500000000,24.7099990845,24.1700000763,24.6800003052,61800
2022-02-09,24.1800003052,24.3600006104,23.9899997711,24.3299999237,66100
2022-02-10,24.2000007629,24.2500000000,23.7700004578,23.7700004578,52400
2022-02-11,24.1000003815,24.4799995422,23.8999996185,24.2000007629,97900
2022-02-14,23.9699993134,24.0900001526,23.8700008392,24.0100002289,66000
2022-02-15,23.7600002289,24.0200004578,23.5000000000,23.8999996185,79400
2022-02-16,23.7700004578,23.8500003815,23.5000000000,23.8500003815,54000
2022-02-17,24.0499992371,24.7600002289,23.7500000000,24.7600002289,34600
2022-02-18,23.9899997711,24.5100002289,23.7800006866,23.8400001526,23900
2022-02-22,23.9799995422,24.1100006104,23.8999996185,24.0699996948,45500
2022-02-23,24.1450004578,24.1800003052,24.0000000000,24.0000000000,36000
2022-02-24,25.4400005341,25.8799991608,22.6900005341,23.4099998474,159500
2022-02-25,25.7500000000,25.9799995422,24.9899997711,25.5599994659,58800
2022-02-28,24.7600002289,25.0149993896,24.7500000000,24.8999996185,20400
2022-03-01,23.4150009155,24.3899993896,22.5100002289,24.0000000000,160100
2022-03-02,23.2000007629,23.3899993896,22.4200000763,23.2299995422,47200
2022-03-03,22.7700004578,23.1900005341,22.7299995422,22.9099998474,120100
2022-03-04,22.5599994659,22.6499996185,21.7700004578,22.5000000000,88400
2022-03-07,20.4500007629,21.8799991608,20.2999992371,21.5400009155,134700
2022-03-08,21.0000000000,21.3500003815,20.7299995422,21.0000000000,87400
2022-03-09,22.8400001526,22.8899993896,22.3700008392,22.6599998474,130000
2022-03-10,23.1200008392,23.2199993134,22.5499992371,22.5499992371,31700
2022-03-11,23.6000003815,23.6299991608,23.2500000000,23.2500000000,34700
2022-03-14,23.2500000000,24.1399993896,23.2199993134,24.1399993896,74500
2022-03-15,23.2000007629,23.4009990692,23.0219993591,23.1399993896,20700
2022-03-16,23.6800003052,23.8500003815,23.2900009155,23.5799999237,28200
2022-03-17,23.7099990845,23.7900009155,23.5000000000,23.7900009155,14400
2022-03-18,23.6000003815,23.7500000000,23.2600002289,23.6049995422,30000
2022-03-21,23.1700000763,23.6000003815,22.6200008392,23.6000003815,23300
2022-03-22,23.1000003815,23.3400001526,22.7099990845,23.2469997406,91500
2022-03-23,23.4699993134,23.4699993134,22.9699993134,23.0000000000,17600
2022-03-24,23.7600002289,23.7600002289,23.2999992371,23.3299999237,75500
2022-03-25,24.0000000000,24.0259990692,23.3959999084,23.6299991608,79300
2022-03-28,25.1900005341,25.1900005341,24.2999992371,24.2999992371,86000
2022-03-29,26.2399997711,26.2500000000,25.2299995422,25.5200004578,27800
2022-03-30,25.8999996185,27.2399997711,25.8579998016,26.1000003815,67100
2022-03-31,25.6499996185,26.2600002289,25.6100006104,25.7900009155,17500
2022-04-01,26.2500000000,26.3400001526,25.9200000763,26.0100002289,15700
2022-04-04,26.5499992371,27.0000000000,26.0799999237,26.4099998474,79700
2022-04-05,26.4500007629,26.7299995422,26.3299999237,26.7299995422,48100
2022-04-06,26.5000000000,26.7299995422,26.2199993134,26.5499992371,28900
2022-04-07,26.5900001526,26.7150001526,26.3500003815,26.6900005341,50300
2022-04-08,26.8099994659,26.8999996185,26.6200008392,26.7700004578,25200
2022-04-11,26.5100002289,26.7169990540,26.2600002289,26.6200008392,11600
2022-04-12,26.4500007629,26.4799995422,26.1800003052,26.4349994659,98000
2022-04-13,26.5200004578,26.5450000763,26.2800006866,26.2800006866,37300
2022-04-14,26.3899993896,26.7099990845,26.3899993896,26.6599998474,8000
2022-04-18,26.3899993896,26.6149997711,26.2800006866,26.5900001526,20200
2022-04-19,26.3299999237,26.4899997711,26.1900005341,26.4400005341,12300
2022-04-20,26.2800006866,26.4249992371,26.1499996185,26.3700008392,35200
2022-04-21,26.1900005341,26.4599990845,26.1499996185,26.3299999237,25200
2022-04-22,26.0499992371,26.2000007629,25.8299999237,26.1700000763,31100
2022-04-25,25.5000000000,25.8600006104,25.3500003815,25.7000007629,45300
2022-04-26,25.4899997711,25.5499992371,25.2759990692,25.4799995422,112100
2022-04-27,25.2070007324,25.4899997711,25.0799999237,25.3199996948,17300
2022-04-28,25.3099994659,25.3619995117,25.1599998474,25.3600006104,42500
2022-04-29,25.1200008392,25.4400005341,25.0699996948,25.4400005341,17500
2022-05-02,24.8899993896,25.2099990845,24.8299999237,25.2099990845,11700
2022-05-03,25.3199996948,25.5000000000,25.1200008392,25.1599998474,23000
2022-05-04,25.5820007324,25.7099990845,25.2150001526,25.2150001526,14000
2022-05-05,25.0300006866,25.6200008392,25.0100002289,25.6200008392,6400
2022-05-06,25.0799999237,25.2999992371,24.9899997711,24.9899997711,12400
2022-05-09,25.0799999237,25.2399997711,24.6800003052,25.0000000000,32500
2022-05-10,25.5300006866,25.7800006866,24.7700004578,25.0000000000,125100
2022-05-11,25.1700000763,25.3999996185,25.0200004578,25.3999996185,82800
2022-05-12,24.7600002289,25.0799999237,24.6100006104,24.8400001526,36600
2022-05-13,25.0799999237,25.1700000763,24.8799991608,24.9899997711,7000
2022-05-16,25.5000000000,25.5100002289,25.0000000000,25.0000000000,32600
2022-05-17,25.9200000763,25.9500007629,25.2999992371,25.6399993896,1449300
2022-05-18,25.7900009155,25.9799995422,25.2800006866,25.4500007629,733300
2022-05-19,25.8180007935,25.8500003815,25.4370002747,25.4370002747,35200
2022-05-20,25.7900009155,25.8099994659,25.5000000000,25.5100002289,22500
2022-05-23,26.0900001526,26.1299991608,25.3999996185,25.3999996185,31400
2022-05-24,26.2099990845,26.2700004578,26.0100002289,26.0599994659,43100
2022-05-25,26.5499992371,26.5599994659,26.0520000458,26.1100006104,20100
2022-05-26,26.8320007324,27.1100006104,26.2000007629,26.3050003052,86500
2022-05-27,27.1299991608,27.1299991608,26.6319999695,26.8199996948,39700
2022-05-31,27.1399993896,27.2500000000,27.0200004578,27.1299991608,13900
2022-06-01,27.6000003815,27.7600002289,27.2000007629,27.2000007629,203300
2022-06-02,27.0900001526,27.7999992371,27.0900001526,27.5000000000,21100
2022-06-03,26.9899997711,27.3610000610,26.9899997711,27.3390007019,16300
2022-06-06,26.7500000000,27.3799991608,26.7399997711,27.1499996185,27900
2022-06-07,26.8999996185,26.8999996185,26.5000000000,26.7199993134,66000
2022-06-08,27.3899993896,27.4099998474,26.6299991608,26.8700008392,96500
2022-06-09,27.3899993896,27.4419994354,27.2159996033,27.3999996185,24100
2022-06-10,27.1100006104,27.3850002289,26.9500007629,27.1299991608,23600
2022-06-13,26.6700000763,27.0000000000,26.3899993896,27.0000000000,12300
2022-06-14,25.9799995422,26.6900005341,25.8099994659,26.5400009155,27600
2022-06-15,26.2999992371,26.3199996948,25.9500007629,26.2099990845,7100
2022-06-16,25.7700004578,25.9599990845,25.5499992371,25.8500003815,106700
2022-06-17,25.5499992371,25.8199996948,25.4300003052,25.8199996948,6500
2022-06-21,25.1000003815,26.0000000000,25.0000000000,25.7500000000,14900
2022-06-22,24.3899993896,24.8999996185,24.2600002289,24.8299999237,26200
2022-06-23,24.2849998474,24.7700004578,24.2099990845,24.5100002289,23500
2022-06-24,24.4500007629,24.7099990845,24.3600006104,24.5900001526,36900
2022-06-27,24.5000000000,24.7399997711,24.1499996185,24.7399997711,17800
2022-06-28,24.4400005341,24.5499992371,24.1200008392,24.5499992371,20100
2022-06-29,24.6000003815,24.8299999237,24.2299995422,24.3500003815,19700
2022-06-30,25.9899997711,26.0499992371,24.5900001526,24.5900001526,64200
2022-07-01,25.6700000763,25.7900009155,25.3600006104,25.7900009155,30600
2022-07-05,25.2099990845,25.4200000763,25.1000003815,25.3199996948,12300
2022-07-06,25.1560001373,25.5100002289,25.0200004578,25.2399997711,7900
2022-07-07,25.2140007019,25.3999996185,25.1599998474,25.3199996948,41100
2022-07-08,25.2600002289,25.3099994659,24.9899997711,24.9899997711,16700
2022-07-11,24.4599990845,25.2600002289,24.4599990845,25.2600002289,15100
2022-07-12,24.2199993134,24.6499996185,23.9300003052,24.6100006104,34800
2022-07-13,24.1000003815,24.2229995728,23.8400001526,24.2199993134,13300
2022-07-14,23.5300006866,23.7600002289,23.4500007629,23.6200008392,6500
2022-07-15,23.5699996948,23.9099998474,23.2999992371,23.4200000763,39800
2022-07-18,23.1000003815,23.4699993134,23.0300006866,23.4699993134,213900
2022-07-19,23.5200004578,23.6299991608,23.4400005341,23.5000000000,3300
2022-07-20,23.4099998474,23.7500000000,23.3540000916,23.5100002289,13100
2022-07-21,23.5060005188,23.6200008392,23.2399997711,23.4099998474,23400
2022-07-22,23.4599990845,23.6100006104,23.3099994659,23.3400001526,17000
2022-07-25,23.2299995422,23.4500007629,23.0000000000,23.4500007629,9700
2022-07-26,23.2299995422,23.3299999237,22.9720001221,23.2399997711,15800
2022-07-27,23.6399993896,23.6900005341,23.1700000763,23.1700000763,29000
2022-07-28,23.4500007629,23.6399993896,23.2649993896,23.6399993896,61600
2022-07-29,24.0599994659,24.0799999237,23.5000000000,23.5499992371,1736700
2022-08-01,24.2800006866,24.5400009155,23.6499996185,23.6499996185,214100
2022-08-02,24.9300003052,24.9400005341,24.3099994659,24.4799995422,226500
2022-08-03,25.4500007629,25.4899997711,24.7500000000,24.7999992371,491700
2022-08-04,24.9799995422,25.4300003052,24.8449993134,25.4300003052,100200
2022-08-05,25.1079998016,25.1599998474,25.0300006866,25.0900001526,1600
2022-08-08,25.6119995117,25.6800003052,25.2399997711,25.3099994659,10300
2022-08-09,26.7000007629,26.7000007629,26.1800003052,26.2800006866,34500
2022-08-10,26.8400001526,26.9799995422,26.4099998474,26.7700004578,18700
2022-08-11,27.0400009155,27.0400009155,26.7900009155,26.8899993896,11500
2022-08-12,26.4200000763,26.8999996185,25.9500007629,26.8999996185,17200
2022-08-15,26.4699993134,26.7299995422,26.2919998169,26.6299991608,14300
2022-08-16,25.7299995422,26.4699993134,25.6700000763,26.3400001526,47100
2022-08-17,25.9200000763,25.9200000763,25.6599998474,25.8600006104,12000
2022-08-18,26.1009998322,26.1700000763,25.8299999237,25.8600006104,6800
2022-08-19,25.9699993134,26.1299991608,25.7800006866,26.1299991608,10300
2022-08-22,25.5900001526,25.7999992371,25.5900001526,25.6299991608,8200
2022-08-23,25.3600006104,25.6100006104,25.3600006104,25.5540008545,6300
2022-08-24,23.5499992371,25.9500007629,22.9699993134,25.6800003052,186100
2022-08-25,23.3999996185,23.6450004578,23.1800003052,23.1800003052,54500
2022-08-26,23.3799991608,23.6499996185,23.3299999237,23.4599990845,58500
2022-08-29,22.9200000763,23.3920001984,22.9200000763,23.3549995422,67000
2022-08-30,22.6299991608,23.6319999695,22.3500003815,23.3700008392,47700
2022-08-31,22.6499996185,23.0400009155,22.5000000000,23.0000000000,315500
2022-09-01,22.4200000763,22.5900001526,21.9400005341,21.9400005341,240800
2022-09-02,23.1100006104,23.1100006104,22.7900009155,22.7999992371,28300
2022-09-06,23.1100006104,23.1299991608,22.2199993134,22.7800006866,130100
2022-09-07,22.9400005341,23.0200004578,22.6900005341,22.9400005341,83700
2022-09-08,22.6200008392,22.9899997711,22.5650005341,22.9200000763,118800
2022-09-09,22.5599994659,22.8349990845,22.5599994659,22.6299991608,47800
2022-09-12,23.0599994659,23.3500003815,22.6000003815,22.6000003815,109700
2022-09-13,22.8999996185,22.9400005341,22.3999996185,22.9400005341,67400
2022-09-14,23.0499992371,23.1399993896,22.6499996185,22.7099990845,54800
2022-09-15,23.3999996185,23.4699993134,23.1219997406,23.1219997406,50000
2022-09-16,23.2000007629,23.3999996185,23.0030002594,23.3600006104,47700
2022-09-19,22.9300003052,23.1800003052,22.7789993286,23.1800003052,13400
2022-09-20,22.5699996948,22.9699993134,22.3999996185,22.9699993134,28000
2022-09-21,22.4200000763,22.7199993134,22.4109992981,22.6700000763,5400
2022-09-22,22.3500003815,22.4500007629,22.3500003815,22.4200000763,11200
2022-09-23,21.4400005341,22.1599998474,21.4200000763,22.1599998474,26800
2022-09-26,21.4599990845,21.5900001526,21.3199996948,21.3199996948,40000
2022-09-27,21.6000003815,21.6000003815,21.4699993134,21.5000000000,2000
2022-09-28,21.7299995422,21.7500000000,21.5599994659,21.5979995728,16900
2022-09-29,21.7999992371,21.8999996185,21.5200004578,21.5799999237,22100
2022-09-30,22.0200004578,22.3199996948,21.8799991608,21.8799991608,86100
2022-10-03,22.6299991608,22.7299995422,22.0799999237,22.0799999237,30300
2022-10-04,22.7299995422,22.8899993896,22.7099990845,22.7199993134,59900
2022-10-05,22.6499996185,22.6599998474,22.3600006104,22.6399993896,344000
2022-10-06,23.1200008392,23.1299991608,22.5499992371,22.5799999237,37600
2022-10-07,23.0300006866,23.1299991608,22.8899993896,22.8899993896,10300
2022-10-10,23.0909996033,23.1049995422,22.9710006714,23.0499992371,5000
2022-10-11,23.2800006866,23.3799991608,23.1399993896,23.1399993896,4900
2022-10-12,23.5499992371,23.5799999237,23.4720001221,23.4799995422,1500
2022-10-13,23.5599994659,23.7099990845,23.0699996948,23.0699996948,6800
2022-10-14,23.3299999237,23.6900005341,23.2500000000,23.5100002289,22300
2022-10-17,23.3099994659,23.4340000153,23.3099994659,23.4340000153,10300
2022-10-18,23.3099994659,23.5599994659,23.2700004578,23.5599994659,2800
2022-10-19,23.0000000000,23.0949993134,22.8999996185,22.9699993134,31200
2022-10-20,23.0100002289,23.0100002289,22.8999996185,22.9899997711,6500
2022-10-21,23.0000000000,23.0000000000,22.8670005798,23.0000000000,3800
2022-10-24,23.3199996948,23.3199996948,23.1660003662,23.1660003662,300
2022-10-25,23.5000000000,23.5900001526,23.3999996185,23.5000000000,19400
2022-10-26,23.4799995422,23.5709991455,23.3099994659,23.3099994659,4600
2022-10-27,23.8899993896,23.8899993896,23.6000003815,23.6000003815,4100
2022-10-28,24.0499992371,24.1000003815,23.9300003052,23.9300003052,29800
2022-10-31,24.7500000000,24.7500000000,24.1919994354,24.2199993134,18400
2022-11-01,24.1399993896,24.7900009155,24.0900001526,24.7900009155,97000
2022-11-02,23.9799995422,24.2970008850,23.8799991608,24.1200008392,20300
2022-11-03,23.5909996033,24.0200004578,23.3220005035,24.0200004578,95000
2022-11-04,23.2600002289,23.6200008392,23.1650009155,23.3899993896,37000
2022-11-07,23.3500003815,23.4899997711,23.2700004578,23.3099994659,12200
2022-11-08,23.3330001831,23.3349990845,23.1800003052,23.2549991608,28100
2022-11-09,23.1599998474,23.1599998474,23.0540008545,23.0540008545,13200
2022-11-10,23.1299991608,23.3250007629,23.0400009155,23.3250007629,26300
2022-11-11,23.0189990997,23.2999992371,23.0189990997,23.2800006866,1600
2022-11-14,22.9599990845,23.1700000763,22.8150005341,23.0009994507,53700
2022-11-15,22.8799991608,23.0000000000,22.8199996948,22.9599990845,8200
2022-11-16,23.1599998474,23.2450008392,22.8500003815,22.9400005341,105300
2022-11-17,23.3899993896,23.3899993896,23.0550003052,23.1000003815,84500
2022-11-18,22.9599990845,23.0699996948,22.8050003052,23.0699996948,124600
2022-11-21,22.8589992523,23.0300006866,22.7600002289,23.0300006866,13600
2022-11-22,22.8600006104,23.0300006866,22.8600006104,22.8899993896,38200
2022-11-23,22.3029994965,23.0000000000,22.2800006866,22.9799995422,20100
2022-11-25,22.2049999237,22.3799991608,22.1200008392,22.1200008392,9900
2022-11-28,21.5300006866,22.1499996185,21.4699993134,22.1000003815,41600
2022-11-29,21.4799995422,21.7500000000,21.3899993896,21.5499992371,143400
2022-11-30,21.8589992523,21.9500007629,21.7600002289,21.7600002289,8300
2022-12-01,22.1819992065,22.1879997253,21.1499996185,22.0000000000,12900
2022-12-02,22.3899993896,22.5000000000,21.9349994659,22.3700008392,46700
2022-12-05,22.3120002747,22.6299991608,22.3120002747,22.4500007629,20400
2022-12-06,22.3099994659,22.3500003815,22.0699996948,22.2709999084,64700
2022-12-07,22.5000000000,22.5000000000,22.3999996185,22.3999996185,79200
2022-12-08,22.3719997406,22.5200004578,21.6200008392,22.4599990845,67800
2022-12-09,22.5400009155,22.6499996185,22.1900005341,22.4400005341,183400
2022-12-12,22.8600006104,22.9200000763,22.6599998474,22.7399997711,27500
2022-12-13,22.9799995422,23.1700000763,22.7999992371,22.8050003052,15900
2022-12-14,22.9669990540,23.1399993896,22.7399997711,22.7399997711,61500
2022-12-15,23.1149997711,23.1700000763,22.8099994659,22.9400005341,35700
2022-12-16,23.0769996643,23.1299991608,22.9799995422,23.0400009155,48800
2022-12-19,23.1270008087,23.2500000000,22.9799995422,23.2399997711,30000
2022-12-20,23.2199993134,23.2999992371,23.0699996948,23.2900009155,11400
2022-12-21,23.2199993134,23.2199993134,23.0900001526,23.1599998474,27600
2022-12-22,23.3010005951,23.3379993439,23.1800003052,23.2800006866,16800
2022-12-23,23.1800003052,23.3999996185,23.1800003052,23.2689990997,36000
2022-12-27,23.5100002289,23.7199993134,23.4500007629,23.4599990845,43800
2022-12-28,22.9099998474,23.6000003815,22.8999996185,23.3500003815,41700
2022-12-29,23.0499992371,23.2000007629,22.8120002747,22.8600006104,34000
2022-12-30,23.2299995422,23.3099994659,22.9459991455,23.0200004578,8900
2023-01-03,22.8099994659,23.1580009460,22.6900005341,23.0499992371,50300
2023-01-04,22.5820007324,22.6599998474,22.3899993896,22.6399993896,9700
2023-01-05,22.3899993896,22.6599998474,22.1599998474,22.6499996185,184800
2023-01-06,22.5450000763,22.5699996948,22.4099998474,22.4099998474,900
2023-01-09,23.0100002289,23.0100002289,22.6529998779,22.7500000000,43100
2023-01-10,22.7900009155,22.9799995422,22.7900009155,22.9099998474,73400
2023-01-11,22.8999996185,22.9200000763,22.7600002289,22.7989997864,33400
2023-01-12,23.0499992371,23.2600002289,22.8199996948,22.8999996185,54500
2023-01-13,23.1100006104,23.2500000000,22.9599990845,23.0650005341,20000
2023-01-17,23.5400009155,23.5499992371,23.1100006104,23.2900009155,34900
2023-01-18,23.3899993896,23.5400009155,23.2999992371,23.5400009155,15300
2023-01-19,23.2999992371,23.3099994659,23.1200008392,23.1849994659,36600
2023-01-20,23.2500000000,23.2500000000,23.1380004883,23.1749992371,19500
2023-01-23,23.1480007172,23.2199993134,23.0049991608,23.0699996948,47300
2023-01-24,23.0799999237,23.2000007629,23.0249996185,23.0400009155,19900
2023-01-25,22.9200000763,23.0200004578,22.8600006104,23.0000000000,33100
2023-01-26,22.8400001526,22.8999996185,22.7649993896,22.8400001526,3600
2023-01-27,22.8299999237,23.0100002289,22.8159999847,22.8899993896,15500
2023-01-30,22.6599998474,22.7199993134,22.6000003815,22.7000007629,13800
2023-01-31,22.6100006104,22.7600002289,22.4899997711,22.7600002289,21100
2023-02-01,22.5200004578,22.6800003052,22.4580001831,22.5400009155,27800
2023-02-02,22.9699993134,22.9850006104,22.4400005341,22.6299991608,37300
2023-02-03,22.9799995422,22.9799995422,22.7299995422,22.7999992371,14500
2023-02-06,22.8099994659,22.9349994659,22.7500000000,22.9099998474,17500
2023-02-07,22.7500000000,22.8180007935,22.6800003052,22.7600002289,29100
2023-02-08,22.7619991302,22.8999996185,22.6399993896,22.6399993896,26100
2023-02-09,22.5799999237,22.7250003815,22.5799999237,22.6599998474,6500
2023-02-10,22.5599994659,22.6700000763,22.5100002289,22.5200004578,15500
2023-02-13,22.6000003815,22.6700000763,22.4699993134,22.5000000000,27100
2023-02-14,22.6000003815,22.6800003052,22.5799999237,22.6009998322,10300
2023-02-15,22.4699993134,22.6299991608,22.4599990845,22.5400009155,58200
2023-02-16,22.6100006104,22.7199993134,22.4500007629,22.4899997711,57800
2023-02-17,22.6800003052,22.7999992371,22.5599994659,22.6100006104,95000
2023-02-21,22.5799999237,22.8299999237,22.5599994659,22.7199993134,100600
2023-02-22,22.5599994659,22.6499996185,22.4850006104,22.5400009155,91000
2023-02-23,22.8700008392,23.0599994659,22.2800006866,22.5459995270,111700
2023-02-24,22.8700008392,22.8999996185,22.7700004578,22.8799991608,59600
2023-02-27,22.9300003052,23.0900001526,22.8099994659,22.8099994659,37000
2023-02-28,22.9699993134,23.2700004578,22.8899993896,23.2700004578,54000
2023-03-01,23.3400001526,23.4400005341,23.0100002289,23.0300006866,36300
2023-03-02,23.9799995422,24.0599994659,23.5200004578,23.5200004578,39300
2023-03-03,24.0599994659,24.1599998474,23.7299995422,24.1599998474,6700
2023-03-06,23.7999992371,24.0900001526,23.7999992371,24.0599994659,13600
2023-03-07,23.6380004883,23.7000007629,23.3799991608,23.3799991608,9300
2023-03-08,23.8799991608,23.8799991608,23.5799999237,23.6499996185,29800
2023-03-09,24.2600002289,24.2600002289,23.7399997711,23.7399997711,21000
2023-03-10,23.9300003052,24.3899993896,23.9300003052,24.0799999237,22700
2023-03-13,23.5599994659,23.7549991608,23.2900009155,23.3299999237,21300
2023-03-14,23.7600002289,24.0699996948,23.5900001526,23.6000003815,54200
2023-03-15,23.5200004578,23.5300006866,23.2999992371,23.3099994659,31500
2023-03-16,23.5400009155,23.5599994659,23.2810001373,23.3199996948,41200
2023-03-17,23.2299995422,23.4300003052,23.2299995422,23.4300003052,87800
2023-03-20,23.4099998474,23.4650001526,23.3050003052,23.3050003052,58900
2023-03-21,23.7199993134,23.7199993134,23.5300006866,23.5400009155,11200
2023-03-22,23.5900001526,23.6499996185,23.5699996948,23.6499996185,10900
2023-03-23,23.7399997711,23.8579998016,23.7199993134,23.7299995422,6300
2023-03-24,23.7199993134,23.7199993134,23.4899997711,23.5750007629,35000
2023-03-27,23.7600002289,23.7600002289,23.6499996185,23.6499996185,26900
2023-03-28,23.7900009155,23.7900009155,23.6399993896,23.7000007629,2700
2023-03-29,23.9899997711,24.0000000000,23.8199996948,23.8400001526,17700
2023-03-30,23.9200000763,23.9599990845,23.8600006104,23.9599990845,5900
2023-03-31,23.8400001526,24.0000000000,23.7010002136,23.9400005341,71200
2023-04-03,24.1200008392,24.1200008392,23.9799995422,24.0000000000,21200
2023-04-04,24.0200004578,24.1200008392,23.9799995422,23.9799995422,5200
2023-04-05,23.7900009155,23.9389991760,23.7800006866,23.9200000763,2000
2023-04-06,23.8400001526,23.9200000763,23.7299995422,23.7299995422,90500
2023-04-10,23.8649997711,23.9099998474,23.8649997711,23.9099998474,2600
2023-04-11,23.9799995422,23.9799995422,23.8799991608,23.9099998474,1600
2023-04-12,24.1700000763,24.1700000763,23.9619998932,23.9619998932,6900
2023-04-13,24.4400005341,24.4400005341,24.1100006104,24.1100006104,46900
2023-04-14,24.4699993134,24.7099990845,24.4099998474,24.4200000763,32100
2023-04-17,24.7299995422,24.7950000763,24.5079994202,24.5900001526,74500
2023-04-18,24.8600006104,24.8700008392,24.6800003052,24.6800003052,7800
2023-04-19,24.8400001526,24.8700008392,24.6499996185,24.7999992371,30600
2023-04-20,24.7600002289,24.8680000305,24.7500000000,24.8680000305,10400
2023-04-21,24.7700004578,24.8899993896,24.6900005341,24.8299999237,24000
2023-04-24,24.6200008392,24.6499996185,24.4400005341,24.5799999237,21900
2023-04-25,24.5100002289,24.7000007629,24.5000000000,24.5599994659,109000
2023-04-26,24.6900005341,24.6900005341,24.4899997711,24.4899997711,8100
2023-04-27,24.8799991608,24.9400005341,24.5599994659,24.5599994659,20700
2023-04-28,24.8400001526,25.0400009155,24.7819995880,24.9300003052,7600
2023-05-01,24.6800003052,24.7900009155,24.6499996185,24.6499996185,8700
2023-05-02,24.7800006866,24.7800006866,24.6000003815,24.6499996185,29800
2023-05-03,24.6000003815,24.7549991608,24.4720001221,24.7000007629,10200
2023-05-04,24.3700008392,24.5200004578,24.2999992371,24.4150009155,6000
2023-05-05,24.2500000000,24.3799991608,24.1949996948,24.3600006104,8900
2023-05-08,24.2299995422,24.2500000000,24.0699996948,24.0900001526,9700
2023-05-09,24.3099994659,24.3250007629,24.1599998474,24.3250007629,16300
2023-05-10,24.4699993134,24.5100002289,24.4099998474,24.4099998474,14300
2023-05-11,24.3400001526,24.3400001526,24.3400001526,24.3400001526,400
2023-05-12,24.4099998474,24.4099998474,24.3099994659,24.3400001526,3600
2023-05-15,24.3099994659,24.5000000000,24.2800006866,24.5000000000,9500
2023-05-16,24.2600002289,24.3649997711,24.1100006104,24.1100006104,2400
2023-05-17,24.2800006866,24.3099994659,24.2000007629,24.2000007629,4800
2023-05-18,24.5499992371,24.5499992371,24.4290008545,24.4290008545,7900
2023-05-19,24.5849990845,24.6100006104,24.4500007629,24.4899997711,10100
2023-05-22,24.6499996185,24.6499996185,24.5270004272,24.5799999237,6400
2023-05-23,24.4300003052,24.6100006104,24.4300003052,24.5200004578,43100
2023-05-24,24.4699993134,24.5499992371,24.3999996185,24.3999996185,117500
2023-05-25,24.5699996948,24.8899993896,24.4799995422,24.5100002289,24000
2023-05-26,24.6499996185,24.7299995422,24.5699996948,24.6299991608,22400
2023-05-30,24.6499996185,25.0499992371,24.6350002289,25.0499992371,48100
2023-05-31,24.5100002289,24.6889991760,24.5100002289,24.6200008392,46100
2023-06-01,24.6000003815,24.6599998474,24.5400009155,24.5900001526,10900
2023-06-02,24.5000000000,24.6100006104,24.5000000000,24.5990009308,4500
2023-06-05,24.3999996185,24.6399993896,24.3899993896,24.6399993896,2800
2023-06-06,24.5440006256,24.6100006104,24.4200000763,24.5000000000,13900
2023-06-07,24.6499996185,24.6700000763,24.4699993134,24.4699993134,5600
2023-06-08,24.6900005341,24.8090000153,24.6000003815,24.6000003815,13900
2023-06-09,24.9799995422,25.0200004578,24.7299995422,24.7299995422,14500
2023-06-12,25.3229999542,25.3400001526,25.0900001526,25.1000003815,20100
2023-06-13,25.3899993896,25.6399993896,25.2140007019,25.3899993896,27100
2023-06-14,25.3099994659,25.3999996185,25.1200008392,25.3500003815,22000
2023-06-15,25.7999992371,26.0400009155,25.5699996948,25.5699996948,19700
2023-06-16,25.5100002289,25.7849998474,25.4300003052,25.6100006104,13100
2023-06-20,25.4500007629,25.7000007629,25.4500007629,25.5499992371,14700
2023-06-21,25.6700000763,25.7600002289,25.4599990845,25.6000003815,20200
2023-06-22,25.6599998474,25.8400001526,25.6599998474,25.7800006866,12400
2023-06-23,25.6900005341,25.7800006866,25.5909996033,25.7700004578,8200
2023-06-26,25.6800003052,25.9099998474,25.4500007629,25.9099998474,112800
2023-06-27,25.5499992371,25.6800003052,25.5400009155,25.6800003052,17100
2023-06-28,25.1499996185,25.3899993896,25.1299991608,25.3899993896,23600
2023-06-29,25.2900009155,25.3500003815,25.1800003052,25.1800003052,14700
2023-06-30,25.4200000763,25.5249996185,25.3600006104,25.3600006104,8600
2023-07-03,25.4500007629,25.4500007629,25.3299999237,25.4400005341,8200
2023-07-05,25.3199996948,25.5000000000,25.2900009155,25.4500007629,76900
2023-07-06,25.2600002289,25.4099998474,25.2600002289,25.4099998474,4000
2023-07-07,25.3299999237,25.4300003052,25.2999992371,25.4300003052,7900
2023-07-10,25.4099998474,25.4200000763,25.3139991760,25.4200000763,2800
2023-07-11,25.3199996948,25.4389991760,25.2399997711,25.3400001526,35800
2023-07-12,25.3999996185,25.4200000763,25.2500000000,25.2500000000,9600
2023-07-13,26.1280002594,26.2000007629,25.5900001526,25.7500000000,21300
2023-07-14,26.2000007629,26.2999992371,26.1599998474,26.2900009155,5100
2023-07-17,26.6000003815,26.6000003815,26.2800006866,26.2800006866,57700
2023-07-18,26.5000000000,26.7779998779,26.3899993896,26.7700004578,79100
2023-07-19,26.6879997253,26.6879997253,26.5200004578,26.5400009155,3900
2023-07-20,26.6200008392,26.6989994049,26.6200008392,26.6900005341,10600
2023-07-21,26.6499996185,26.7000007629,26.6350002289,26.7000007629,3800
2023-07-24,26.2670001984,26.6749992371,26.2670001984,26.6000003815,72700
2023-07-25,26.4050006866,26.4449996948,26.2600002289,26.2600002289,12200
2023-07-26,27.2700004578,27.2700004578,26.4599990845,26.5900001526,133000
2023-07-27,28.1299991608,29.1599998474,28.0300006866,28.4200000763,123300
2023-07-28,28.1900005341,28.1900005341,27.7150001526,28.0100002289,101500
2023-07-31,28.9400005341,29.1200008392,28.1599998474,28.1599998474,222300
2023-08-01,28.5200004578,28.8549995422,28.3999996185,28.6299991608,90300
2023-08-02,27.7900009155,28.4300003052,27.7500000000,28.4300003052,44700
2023-08-03,27.6849994659,27.7999992371,27.6299991608,27.7999992371,22200
2023-08-04,28.0949993134,28.1480007172,27.7999992371,27.7999992371,45300
2023-08-07,28.5000000000,28.5000000000,28.0699996948,28.0699996948,34600
2023-08-08,28.5599994659,28.6000003815,28.3199996948,28.5000000000,20000
2023-08-09,28.4479999542,28.6800003052,28.4479999542,28.6200008392,9700
2023-08-10,28.2500000000,28.5499992371,28.2500000000,28.4799995422,22600
2023-08-11,27.9899997711,28.2800006866,27.8600006104,28.2800006866,21700
2023-08-14,27.9099998474,27.9899997711,27.7600002289,27.9500007629,14800
2023-08-15,27.8099994659,27.8299999237,27.7099990845,27.7900009155,8700
2023-08-16,27.8810005188,27.9300003052,27.5599994659,27.8299999237,14000
2023-08-17,28.0000000000,28.1299991608,27.9500007629,28.0349998474,11100
2023-08-18,27.9500007629,28.0599994659,27.8600006104,28.0599994659,11300
2023-08-21,27.8649997711,27.9500007629,27.7950000763,27.9500007629,4400
2023-08-22,27.8379993439,27.9500007629,27.7000007629,27.7800006866,12500
2023-08-23,28.5060005188,28.7399997711,27.7509994507,27.7700004578,18100
2023-08-24,28.3299999237,28.5100002289,28.3299999237,28.5000000000,7500
2023-08-25,28.1800003052,28.3899993896,28.1700000763,28.3899993896,6600
2023-08-28,28.0809993744,28.2999992371,28.0809993744,28.2999992371,4400
2023-08-29,28.3500003815,28.3600006104,28.0699996948,28.0699996948,11800
2023-08-30,28.4899997711,28.6089992523,28.2800006866,28.2800006866,8300
2023-08-31,28.6800003052,28.7500000000,28.5200004578,28.6100006104,36300
2023-09-01,28.6499996185,28.6700000763,28.5000000000,28.6469993591,19300
2023-09-05,28.6900005341,28.8090000153,28.5699996948,28.6700000763,45400
2023-09-06,28.7800006866,28.9449996948,28.7800006866,28.7999992371,24100
2023-09-07,28.7800006866,28.8600006104,28.6210002899,28.8400001526,41100
2023-09-08,28.8299999237,28.9699993134,28.7999992371,28.7999992371,5700
2023-09-11,29.0359992981,29.0599994659,28.9500007629,28.9500007629,15300
2023-09-12,29.1790008545,29.2299995422,29.0900001526,29.0900001526,9100
2023-09-13,29.1180000305,29.2099990845,29.0000000000,29.2099990845,20200
2023-09-14,29.2140007019,29.3400001526,29.1100006104,29.1100006104,24200
2023-09-15,29.0659999847,29.2299995422,29.0000000000,29.2299995422,37200
2023-09-18,28.8680000305,29.1000003815,28.7399997711,29.1000003815,14300
2023-09-19,28.9699993134,29.3799991608,28.8199996948,29.1000003815,16900
2023-09-20,29.0000000000,29.0599994659,28.8309993744,29.0000000000,14000
2023-09-21,28.9300003052,28.9500007629,28.8400001526,28.9500007629,17000
2023-09-22,29.0209999084,29.0300006866,28.8500003815,28.8500003815,25700
2023-09-25,28.7900009155,29.0100002289,28.7399997711,29.0100002289,12000
2023-09-26,28.5699996948,28.9699993134,28.5599994659,28.6499996185,13900
2023-09-27,28.5219993591,28.6350002289,28.4099998474,28.5900001526,60300
2023-09-28,28.3799991608,28.5100002289,28.1700000763,28.5100002289,18300
2023-09-29,28.4659996033,28.4659996033,28.2500000000,28.4300003052,11100
2023-10-02,28.4899997711,28.7500000000,28.2800006866,28.5900001526,116000
2023-10-03,28.6499996185,28.7500000000,28.4899997711,28.5699996948,55700
2023-10-04,28.2900009155,28.6900005341,28.2900009155,28.6900005341,21300
2023-10-05,28.3899993896,28.5900001526,28.2099990845,28.2099990845,26100
2023-10-06,28.4699993134,28.6700000763,28.2000007629,28.4740009308,15800
2023-10-09,28.3799991608,28.6000003815,28.2900009155,28.4799995422,34000
2023-10-10,28.2099990845,28.4899997711,28.2099990845,28.4899997711,20300
2023-10-11,28.1700000763,28.2500000000,27.9899997711,28.2000007629,32000
2023-10-12,28.2399997711,28.2900009155,28.1110000610,28.2290000916,15300
2023-10-13,28.1490001678,28.2099990845,28.0599994659,28.0599994659,33600
2023-10-16,28.0900001526,28.2579994202,28.0900001526,28.2000007629,2200
2023-10-17,28.1229991913,28.1800003052,27.9899997711,27.9899997711,9000
2023-10-18,28.2299995422,28.2299995422,28.1000003815,28.1599998474,5500
2023-10-19,28.3999996185,28.4099998474,28.2250003815,28.2250003815,19800
2023-10-20,28.6200008392,28.7099990845,28.3299999237,28.3400001526,28200
2023-10-23,28.6499996185,28.7000007629,28.4799995422,28.7000007629,35300
2023-10-24,28.7500000000,28.7500000000,28.5949993134,28.6499996185,31200
2023-10-25,29.2600002289,29.3299999237,29.0699996948,29.2500000000,117000
2023-10-26,29.3600006104,29.3600006104,29.2399997711,29.2700004578,27800
2023-10-27,29.3799991608,29.4799995422,29.2900009155,29.3799991608,18000
2023-10-30,29.5599994659,29.7800006866,29.4300003052,29.5000000000,120500
2023-10-31,29.5300006866,29.7800006866,29.4200000763,29.6700000763,53700
2023-11-01,29.6000003815,29.6200008392,29.4519996643,29.4899997711,20700
2023-11-02,29.9899997711,30.1299991608,29.5400009155,29.6800003052,62200
2023-11-03,30.1800003052,30.2290000916,30.0499992371,30.1200008392,16900
2023-11-06,30.0799999237,30.1000003815,29.9799995422,30.0699996948,18500
2023-11-07,29.9099998474,30.0550003052,29.8099994659,30.0009994507,23000
2023-11-08,29.8099994659,29.9300003052,29.6809997559,29.8600006104,17500
2023-11-09,29.7600002289,29.8999996185,29.6499996185,29.8500003815,84800
2023-11-10,29.8799991608,29.9389991760,29.6700000763,29.6700000763,35600
2023-11-13,29.8999996185,29.9300003052,29.7700004578,29.9300003052,29000
2023-11-14,29.8700008392,29.9599990845,29.7900009155,29.9549999237,66800
2023-11-15,30.1299991608,30.1299991608,29.8400001526,29.8400001526,394900
2023-11-16,30.3600006104,30.5599994659,30.2099990845,30.3700008392,41500
2023-11-17,30.4300003052,30.4899997711,30.3799991608,30.4500007629,21200
2023-11-20,30.1800003052,30.3799991608,30.1100006104,30.3600006104,16200
2023-11-21,30.0900001526,30.1800003052,30.0300006866,30.1599998474,10100
2023-11-22,30.4300003052,30.7500000000,30.0400009155,30.0400009155,90200
2023-11-24,30.3500003815,30.4300003052,30.3500003815,30.4300003052,2000
2023-11-27,30.3099994659,30.4099998474,30.2600002289,30.3099994659,10500
2023-11-28,30.2500000000,30.3400001526,30.2350006104,30.3400001526,81000
2023-11-29,30.2800006866,30.2999992371,30.1399993896,30.2740001678,12900
2023-11-30,30.1200008392,30.2500000000,30.0400009155,30.2299995422,42400
2023-12-01,30.1149997711,30.2789993286,30.0599994659,30.1200008392,29300
2023-12-04,30.1900005341,30.3799991608,30.1499996185,30.1499996185,67600
2023-12-05,30.3099994659,30.3700008392,30.2299995422,30.2299995422,5800
2023-12-06,30.2299995422,30.3999996185,30.2150001526,30.3799991608,29000
2023-12-07,30.2999992371,30.3099994659,30.1790008545,30.2800006866,17600
2023-12-08,30.4500007629,30.4979991913,30.3700008392,30.4009990692,24400
2023-12-11,30.6149997711,30.7280006409,30.5400009155,30.6599998474,22100
2023-12-12,30.7299995422,30.7299995422,30.5499992371,30.7099990845,21300
2023-12-13,30.7889995575,30.8099994659,30.7299995422,30.7999992371,33700
2023-12-14,30.7380008698,31.0000000000,30.6800003052,30.7900009155,47800
2023-12-15,30.6599998474,30.8700008392,30.4799995422,30.8199996948,62200
2023-12-18,29.8799991608,30.8700008392,29.6100006104,30.8700008392,261000
2023-12-19,29.6499996185,29.8899993896,29.6100006104,29.8899993896,73300
2023-12-20,29.7000007629,29.7199993134,29.6100006104,29.6700000763,51700
2023-12-21,29.7399997711,29.8500003815,29.7399997711,29.7800006866,25700
2023-12-22,29.9300003052,30.0000000000,29.6900005341,29.7199993134,23500
2023-12-26,30.1299991608,30.2299995422,29.9200000763,30.2299995422,54500
2023-12-27,30.1200008392,30.1499996185,29.9400005341,29.9699993134,4300
2023-12-28,30.1399993896,30.1800003052,30.0550003052,30.1000003815,29200
2023-12-29,30.1539993286,30.1800003052,30.0599994659,30.0599994659,7700
2024-01-02,29.9099998474,30.1700000763,29.9099998474,30.1499996185,95300
2024-01-03,30.1200008392,30.1200008392,29.7800006866,29.7999992371,18500
2024-01-04,30.2600002289,30.3500003815,29.9799995422,29.9899997711,17300
2024-01-05,30.5799999237,30.5799999237,30.3099994659,30.3099994659,12300
2024-01-08,30.9500007629,30.9500007629,30.6000003815,30.6499996185,52400
2024-01-09,30.8799991608,31.0900001526,30.8099994659,30.9899997711,7200
2024-01-10,30.9300003052,31.0900001526,30.8400001526,30.9899997711,29300
2024-01-11,30.7700004578,30.9120006561,30.6700000763,30.8500003815,11600
2024-01-12,30.5400009155,30.7000007629,30.4400005341,30.6399993896,31200
2024-01-16,30.9400005341,30.9400005341,30.5750007629,30.7299995422,51600
2024-01-17,31.0499992371,31.2399997711,30.9300003052,31.0000000000,138900
2024-01-18,31.0000000000,31.1299991608,31.0000000000,31.0300006866,8400
2024-01-19,31.2700004578,31.2819995880,31.1599998474,31.1599998474,7900
2024-01-22,31.0900001526,31.2999992371,30.9899997711,31.2999992371,205200
2024-01-23,30.7399997711,31.0000000000,30.6949996948,30.9300003052,193000
2024-01-24,30.9699993134,31.1700000763,30.6800003052,30.8400001526,8800
2024-01-25,31.1800003052,31.1800003052,30.8500003815,30.8600006104,6900
2024-01-26,31.0699996948,31.2299995422,30.9200000763,30.9200000763,15400
2024-01-29,31.1380004883,31.2199993134,31.0499992371,31.2000007629,9900
2024-01-30,31.1399993896,31.2290000916,31.0200004578,31.1800003052,7200
2024-01-31,31.0000000000,31.1189994812,30.9099998474,30.9300003052,12000
2024-02-01,31.3199996948,31.5000000000,30.9950008392,31.0400009155,46200
2024-02-02,31.3999996185,31.3999996185,31.2450008392,31.3500003815,53700
2024-02-05,31.4899997711,31.5000000000,31.3099994659,31.5000000000,25500
2024-02-06,31.3199996948,31.5200004578,31.2099990845,31.3999996185,104100
2024-02-07,31.1200008392,31.2950000763,31.0200004578,31.2950000763,53500
2024-02-08,31.0499992371,31.1000003815,30.9899997711,31.0100002289,6700
2024-02-09,30.9400005341,31.0200004578,30.8099994659,30.8099994659,40000
2024-02-12,30.8400001526,31.0380001068,30.8400001526,30.9050006866,26500
2024-02-13,30.7900009155,30.9300003052,30.6200008392,30.7600002289,24900
2024-02-14,30.8299999237,30.8299999237,30.6100006104,30.6930007935,22700
2024-02-15,30.6700000763,30.8649997711,30.6700000763,30.7549991608,27900
2024-02-16,30.6599998474,30.7999992371,30.5799999237,30.7600002289,19400
2024-02-20,30.3899993896,30.6000003815,30.2800006866,30.6000003815,138200
2024-02-21,30.3799991608,30.5499992371,30.3400001526,30.3400001526,19400
2024-02-22,31.0200004578,31.3400001526,30.4300003052,30.4300003052,100700
2024-02-23,30.8460006714,31.0240001678,30.8099994659,31.0000000000,41000
2024-02-26,30.5100002289,30.8600006104,30.4500007629,30.8500003815,24600
2024-02-27,30.0000000000,30.3990001678,29.4599990845,30.3649997711,49800
2024-02-28,30.1000003815,30.4099998474,30.1000003815,30.2099990845,32400
2024-02-29,30.3999996185,30.4449996948,30.0599994659,30.2450008392,68800
2024-03-01,30.6299991608,30.6299991608,30.3010005951,30.3999996185,30700
2024-03-04,30.2399997711,30.5300006866,30.2299995422,30.3999996185,12000
2024-03-05,30.2099990845,30.4349994659,30.1800003052,30.3600006104,18800
2024-03-06,29.9799995422,30.2000007629,29.7409992218,30.2000007629,21700
2024-03-07,29.9599990845,30.0799999237,29.8850002289,29.9599990845,20400
2024-03-08,29.6700000763,29.8630008698,29.6499996185,29.8199996948,42700
2024-03-11,29.5699996948,29.6800003052,29.4799995422,29.6599998474,16500
2024-03-12,29.2900009155,29.4249992371,29.2500000000,29.3500003815,7700
2024-03-13,27.1599998474,28.3799991608,27.1000003815,27.7999992371,130100
2024-03-14,27.9300003052,28.3199996948,25.1399993896,25.4599990845,579600
2024-03-15,28.4899997711,29.3099994659,28.3899993896,28.7500000000,73200
2024-03-18,28.4699993134,28.5900001526,28.3799991608,28.5900001526,19500
2024-03-19,28.6000003815,28.6849994659,28.1949996948,28.2099990845,84600
2024-03-20,29.1000003815,29.3999996185,28.7679996490,28.7679996490,26300
2024-03-21,29.7800006866,29.7800006866,29.1299991608,29.1299991608,9000
2024-03-22,29.3500003815,29.7800006866,29.3309993744,29.7500000000,24100
2024-03-25,28.7700004578,29.7399997711,28.0750007629,29.6900005341,350300
2024-03-26,27.9899997711,28.3899993896,27.6599998474,28.3899993896,164400
2024-03-27,28.2299995422,28.3789997101,27.7900009155,28.2700004578,50200
2024-03-28,28.6499996185,28.6900005341,28.1100006104,28.2199993134,50100
2024-04-01,29.0400009155,29.1900005341,28.4599990845,28.6599998474,46100
2024-04-02,28.9699993134,29.0000000000,28.6499996185,28.7999992371,147900
2024-04-03,28.8099994659,29.1189994812,28.7500000000,28.9799995422,61700
2024-04-04,28.4699993134,28.9099998474,28.3409996033,28.8899993896,58400
2024-04-05,28.3299999237,28.5400009155,28.0799999237,28.3999996185,51500
2024-04-08,27.9799995422,28.2999992371,27.7999992371,28.2999992371,43600
2024-04-09,28.8400001526,29.1299991608,28.1000003815,28.2000007629,96400
2024-04-10,28.7700004578,28.7800006866,28.4799995422,28.7000007629,18400
2024-04-11,28.9899997711,29.2800006866,28.8899993896,28.8899993896,84900
2024-04-12,29.2000007629,29.3700008392,28.9200000763,29.0200004578,46700
2024-04-15,29.0000000000,29.3199996948,28.8700008392,29.0699996948,31100
2024-04-16,28.7199993134,28.8600006104,28.6900005341,28.8199996948,31800
2024-04-17,28.9099998474,28.9400005341,28.6800003052,28.7800006866,9300
2024-04-18,28.9300003052,28.9799995422,28.7199993134,28.9799995422,13100
2024-04-19,28.9909992218,29.0200004578,28.9009990692,29.0000000000,7500
2024-04-22,28.8729991913,29.1499996185,28.8400001526,29.0300006866,16000
2024-04-23,28.6520004272,28.7500000000,27.5000000000,28.5300006866,63100
2024-04-24,28.4799995422,28.7700004578,28.3899993896,28.5799999237,93100
2024-04-25,28.4619998932,28.5200004578,27.8999996185,28.3600006104,20300
2024-04-26,28.4440002441,28.5499992371,28.1700000763,28.5499992371,27900
2024-04-29,28.1800003052,28.3199996948,28.0499992371,28.2800006866,34700
2024-04-30,28.1700000763,28.2600002289,27.9599990845,28.1000003815,79400
2024-05-01,28.2000007629,28.2000007629,28.0000000000,28.0100002289,15700
2024-05-02,28.2800006866,28.4500007629,28.2199993134,28.3099994659,43200
2024-05-03,28.5300006866,28.5400009155,28.3169994354,28.5100002289,10600
2024-05-06,29.0200004578,29.0200004578,28.4200000763,28.4200000763,32400
2024-05-07,28.9459991455,29.1000003815,28.9400005341,29.0699996948,30800
2024-05-08,28.8400001526,28.9899997711,28.7800006866,28.7999992371,20400
2024-05-09,28.8099994659,28.9699993134,28.6900005341,28.9099998474,12600
2024-05-10,28.5270004272,28.7500000000,28.4220008850,28.7299995422,6900
2024-05-13,28.3799991608,28.5499992371,28.3199996948,28.4699993134,101400
2024-05-14,28.4899997711,28.4899997711,28.2800006866,28.3500003815,37600
2024-05-15,28.5659999847,28.7299995422,28.3700008392,28.5400009155,39300
2024-05-16,28.9400005341,28.9400005341,28.5699996948,28.5699996948,13700
2024-05-17,28.6819992065,29.2099990845,28.6000003815,29.0900001526,30100
2024-05-20,28.9300003052,29.0699996948,28.8199996948,28.8199996948,81600
2024-05-21,28.8199996948,28.9799995422,28.7600002289,28.9500007629,53400
2024-05-22,28.9200000763,29.0499992371,28.8700008392,28.9899997711,8400
2024-05-23,29.2299995422,29.2600002289,29.0100002289,29.1399993896,69000
2024-05-24,29.2500000000,29.3700008392,29.1200008392,29.3700008392,36100
2024-05-28,29.4300003052,29.4500007629,29.2500000000,29.2500000000,124700
2024-05-29,29.4799995422,29.5100002289,29.3600006104,29.3999996185,22700
2024-05-30,28.1900005341,29.4799995422,28.0799999237,29.3899993896,123200
2024-05-31,28.1599998474,28.5699996948,27.8899993896,28.5699996948,17700
2024-06-03,27.3899993896,28.2099990845,27.3299999237,28.1900005341,139700
2024-06-04,26.2800006866,26.8799991608,26.1949996948,26.8400001526,184800
2024-06-05,26.1200008392,26.4349994659,25.7299995422,26.3490009308,124400
2024-06-06,26.9300003052,27.1299991608,25.5659999847,26.0100002289,98800
2024-06-07,26.8299999237,27.4200000763,26.7409992218,26.8700008392,72800
2024-06-10,26.8600006104,27.1000003815,26.7999992371,26.9099998474,16300
2024-06-11,26.6900005341,26.8999996185,26.5599994659,26.8500003815,44900
2024-06-12,26.8400001526,26.8500003815,26.5699996948,26.5699996948,49000
2024-06-13,26.6299991608,26.7800006866,26.5599994659,26.7800006866,17200
2024-06-14,26.2900009155,26.8500003815,26.2900009155,26.6499996185,25900
2024-06-17,26.4799995422,26.6599998474,26.0900001526,26.0900001526,166100
2024-06-18,26.4300003052,26.7500000000,26.2700004578,26.7000007629,350500
2024-06-20,26.2299995422,26.4400005341,25.9899997711,26.4099998474,131200
2024-06-21,25.7299995422,26.2600002289,25.6599998474,26.2399997711,494500
2024-06-24,26.1100006104,26.2049999237,25.6599998474,25.7099990845,304600
2024-06-25,26.5499992371,26.6000003815,26.2000007629,26.2000007629,40400
2024-06-26,27.0000000000,27.2299995422,26.7150001526,26.7150001526,51000
2024-06-27,22.3500003815,22.4400005341,22.0499992371,22.4400005341,89100
2024-06-28,22.4099998474,22.4699993134,22.0599994659,22.3799991608,669600
2024-07-01,22.5599994659,22.6700000763,22.3530006409,22.4300003052,229700
2024-07-02,22.6700000763,22.8199996948,22.5799999237,22.5900001526,134000
2024-07-03,22.6000003815,22.6900005341,22.5590000153,22.6700000763,39200
2024-07-05,22.5550003052,22.7399997711,22.5000000000,22.7399997711,59500
2024-07-08,22.7800006866,22.7900009155,22.4200000763,22.5000000000,33200
2024-07-09,22.2700004578,23.0400009155,22.2199993134,22.6000003815,236300
2024-07-10,21.4699993134,22.7250003815,21.3099994659,21.6700000763,81100
2024-07-11,21.3999996185,21.8600006104,21.2800006866,21.7000007629,133500
2024-07-12,21.1800003052,21.3600006104,21.1399993896,21.3600006104,120900
2024-07-15,20.8799991608,21.2500000000,20.8799991608,21.1499996185,68000
2024-07-16,20.4699993134,20.7199993134,20.4150009155,20.7199993134,73100
2024-07-17,20.5900001526,20.5900001526,19.7700004578,20.3999996185,93400
2024-07-18,20.6800003052,20.7800006866,20.3799991608,20.6000003815,124500
2024-07-19,20.6700000763,20.7399997711,20.5900001526,20.7299995422,46400
2024-07-22,20.5100002289,20.6800003052,20.4699993134,20.6200008392,39100
2024-07-23,20.6399993896,20.6900005341,20.5000000000,20.6200008392,61900
2024-07-24,20.5000000000,20.6599998474,20.5000000000,20.6399993896,79700
2024-07-25,20.3400001526,20.5100002289,20.3400001526,20.4850006104,39100
2024-07-26,20.0300006866,20.3299999237,19.9699993134,20.3299999237,80400
2024-07-29,19.7500000000,19.9699993134,19.7500000000,19.8999996185,126100
2024-07-30,19.4400005341,19.7600002289,19.3500003815,19.7500000000,117700
2024-07-31,20.2099990845,20.2900009155,18.9799995422,19.2600002289,183100
2024-08-01,20.8299999237,20.8299999237,20.1030006409,20.1030006409,71700
2024-08-02,20.3299999237,21.0000000000,20.3299999237,20.8999996185,35000
2024-08-05,20.1870002747,20.3299999237,19.3099994659,19.5400009155,37700
2024-08-06,20.4300003052,20.5699996948,19.9599990845,20.1700000763,44400
2024-08-07,20.5799999237,20.7399997711,20.4500007629,20.5499992371,31100
2024-08-08,20.2199993134,20.4850006104,20.0699996948,20.4200000763,25100
2024-08-09,20.1800003052,20.2700004578,19.9799995422,20.2700004578,40000
2024-08-12,19.9599990845,20.1700000763,19.8299999237,20.1700000763,35400
2024-08-13,20.0400009155,20.0900001526,19.8999996185,20.0000000000,123200
2024-08-14,19.9200000763,19.9699993134,19.8199996948,19.9599990845,26600
2024-08-15,19.5900001526,19.9150009155,19.5750007629,19.8999996185,45700
2024-08-16,19.5599994659,19.7199993134,19.5499992371,19.5799999237,16800
2024-08-19,19.4790000916,19.6499996185,19.4790000916,19.6499996185,45900
2024-08-20,19.4150009155,19.5100002289,19.3819999695,19.5100002289,20700
2024-08-21,18.4899997711,19.6200008392,18.1299991608,19.5000000000,405500
2024-08-22,19.3299999237,19.4549999237,18.7299995422,18.8400001526,363700
2024-08-23,19.3999996185,19.4699993134,19.0200004578,19.4699993134,156600
2024-08-26,19.9200000763,19.9500007629,19.4449996948,19.4699993134,171300
2024-08-27,20.3700008392,20.4899997711,19.8799991608,19.9400005341,177100
2024-08-28,20.4500007629,20.4899997711,20.3400001526,20.4300003052,48800
2024-08-29,20.6100006104,20.7700004578,20.4099998474,20.7700004578,72900
2024-08-30,20.8799991608,20.9099998474,20.5300006866,20.5300006866,164400
2024-09-03,21.0949993134,21.2800006866,20.8600006104,20.8600006104,35600
2024-09-04,20.8700008392,21.0990009308,20.7199993134,21.0200004578,52300
2024-09-05,20.5499992371,20.8500003815,20.2999992371,20.8500003815,126700
2024-09-06,20.2700004578,20.4449996948,20.1749992371,20.3540000916,12500
2024-09-09,20.7950000763,20.7999992371,20.3600006104,20.3600006104,57100
2024-09-10,20.4260005951,20.9699993134,20.4260005951,20.9699993134,15700
2024-09-11,20.5200004578,20.5699996948,20.2099990845,20.5300006866,41900
2024-09-12,20.9400005341,20.9899997711,20.3999996185,20.5200004578,26900
2024-09-13,21.2800006866,21.2900009155,20.7950000763,20.8600006104,37500
2024-09-16,21.1499996185,21.4099998474,21.0100002289,21.3099994659,38800
2024-09-17,21.2579994202,21.2579994202,21.0799999237,21.1599998474,10900
2024-09-18,21.1800003052,21.3899993896,21.1550006866,21.3600006104,12000
2024-09-19,21.3500003815,21.3500003815,21.1200008392,21.2800006866,32800
2024-09-20,21.3400001526,21.3700008392,21.1970005035,21.2649993896,26100
2024-09-23,21.4799995422,21.5300006866,21.3099994659,21.3899993896,27100
2024-09-24,21.2199993134,21.3840007782,21.2000007629,21.3840007782,12300
2024-09-25,21.1000003815,21.2500000000,20.9599990845,21.1000003815,30300
2024-09-26,21.0799999237,21.0900001526,20.9430007935,21.0300006866,8100
2024-09-27,21.4899997711,21.5000000000,21.0900001526,21.0900001526,116700
2024-09-30,21.5599994659,21.7099990845,21.4810009003,21.6399993896,3600
2024-10-01,21.4500007629,21.5900001526,21.3600006104,21.5900001526,25300
2024-10-02,21.8150005341,21.8150005341,21.4500007629,21.5300006866,122800
2024-10-03,21.8750000000,22.2360000610,21.8540000916,22.0100002289,67700
2024-10-04,22.0900001526,22.1599998474,21.9099998474,22.0300006866,23600
2024-10-07,22.1149997711,22.3600006104,22.0599994659,22.2000007629,35300
2024-10-08,22.3899993896,22.5000000000,22.2000007629,22.2299995422,28000
2024-10-09,22.0900001526,22.4500007629,21.9699993134,22.4500007629,127900
2024-10-10,21.8299999237,21.9850006104,21.7099990845,21.9500007629,32600
2024-10-11,22.1100006104,22.1100006104,21.9150009155,21.9599990845,18600
2024-10-14,22.2700004578,22.4099998474,22.0100002289,22.0100002289,27900
2024-10-15,22.9360008240,22.9990005493,22.2889995575,22.4699993134,117300
2024-10-16,23.1399993896,23.3899993896,23.1100006104,23.2000007629,117700
2024-10-17,22.9200000763,23.1380004883,22.6599998474,23.0300006866,78500
2024-10-18,23.2800006866,23.3199996948,22.7500000000,22.8799991608,18800
2024-10-21,23.0599994659,23.3190002441,23.0599994659,23.2800006866,34400
2024-10-22,22.4099998474,23.0489997864,22.3999996185,23.0200004578,28500
2024-10-23,22.2099990845,22.3799991608,22.1100006104,22.2900009155,13400
2024-10-24,21.8999996185,22.3500003815,21.8999996185,22.3500003815,6100
2024-10-25,22.1100006104,22.2189998627,21.8500003815,21.8500003815,28400
2024-10-28,22.1660003662,22.3799991608,22.0400009155,22.2600002289,20700
2024-10-29,22.1000003815,22.2500000000,22.0200004578,22.2099990845,33600
2024-10-30,22.4699993134,22.4699993134,22.1000003815,22.2500000000,69900
2024-10-31,22.7000007629,22.7399997711,22.3799991608,22.5000000000,36700
2024-11-01,22.7299995422,22.8859996796,22.6100006104,22.8859996796,24000
2024-11-04,22.3799991608,22.8799991608,22.3740005493,22.8799991608,21600
2024-11-05,22.2500000000,22.3400001526,22.1200008392,22.2999992371,33100
2024-11-06,22.7399997711,22.7500000000,22.5200004578,22.7000007629,33900
2024-11-07,23.0300006866,23.1599998474,22.7800006866,22.8899993896,69000
2024-11-08,23.1700000763,23.1700000763,23.0049991608,23.0200004578,14900
2024-11-11,23.1529998779,23.2299995422,22.9810009003,23.0000000000,49400
2024-11-12,22.2500000000,23.2000007629,22.1900005341,23.1100006104,81200
2024-11-13,22.0000000000,22.1800003052,21.8349990845,21.9200000763,29900
2024-11-14,20.7800006866,21.6900005341,20.6100006104,21.5000000000,106500
2024-11-15,20.4619998932,20.8750000000,20.3099994659,20.7600002289,38300
2024-11-18,20.5599994659,20.7399997711,20.3199996948,20.5300006866,37100
2024-11-19,20.4599990845,20.4799995422,20.2600002289,20.2999992371,44600
2024-11-20,19.9500007629,20.2000007629,19.8700008392,20.1900005341,31500
2024-11-21,19.9099998474,20.0200004578,19.7099990845,20.0200004578,96800
2024-11-22,20.1599998474,20.1700000763,19.6399993896,19.8600006104,20400
2024-11-25,20.1049995422,20.2299995422,20.0000000000,20.1900005341,88900
2024-11-26,20.4099998474,20.5699996948,20.2700004578,20.3700008392,48100
2024-11-27,20.2500000000,20.3600006104,19.6900005341,20.2500000000,69900
2024-11-29,20.5459995270,20.7199993134,20.4099998474,20.4099998474,12500
2024-12-02,20.4850006104,20.6100006104,20.2399997711,20.5000000000,63300
2024-12-03,20.2999992371,20.6499996185,20.2700004578,20.5380001068,44600
2024-12-04,19.6299991608,19.9050006866,19.1599998474,19.8199996948,4972600
2024-12-05,19.1299991608,19.6900005341,19.0020008087,19.6299991608,95200
2024-12-06,19.9599990845,19.9699993134,19.0000000000,19.0000000000,87000
2024-12-09,19.8700008392,20.2000007629,19.6389999390,19.9599990845,15300
2024-12-10,19.9669990540,20.1399993896,19.6849994659,19.8700008392,77300
2024-12-11,19.7999992371,20.0000000000,19.7999992371,20.0000000000,33200
2024-12-12,20.5799999237,20.5799999237,19.7999992371,19.7999992371,126300
2024-12-13,20.3099994659,20.7500000000,20.2000007629,20.5249996185,72000
2024-12-16,20.3999996185,20.5200004578,20.2399997711,20.5000000000,24400
2024-12-17,19.6900005341,19.8700008392,19.4300003052,19.8700008392,23200
2024-12-18,19.3600006104,19.6599998474,19.2399997711,19.5499992371,50800
2024-12-19,19.3899993896,19.6000003815,19.1879997253,19.4500007629,13300
2024-12-20,19.4300003052,19.5100002289,19.3099994659,19.4699993134,96700
2024-12-23,19.3799991608,19.3859996796,19.2520008087,19.3840007782,60800
2024-12-24,19.2900009155,19.3670005798,19.2719993591,19.3199996948,52800
2024-12-26,19.3400001526,19.5410003662,19.3110008240,19.3500003815,52400
2024-12-27,19.3899993896,19.5400009155,19.2549991608,19.5300006866,116700
2024-12-30,19.4799995422,19.6000003815,19.3500003815,19.3999996185,43600
2024-12-31,19.6200008392,19.7500000000,19.4599990845,19.5000000000,131000
2025-01-02,19.6000003815,19.7399997711,19.4300003052,19.4500007629,12600
2025-01-03,19.7800006866,19.7800006866,19.5300006866,19.7199993134,19800
2025-01-06,19.8899993896,19.9899997711,19.4349994659,19.8199996948,31300
2025-01-07,19.4899997711,19.9290008545,19.4099998474,19.9099998474,20400
2025-01-08,18.8999996185,19.3299999237,18.7329998016,19.3299999237,16500
2025-01-10,18.7000007629,18.8889999390,18.6599998474,18.8600006104,56800
2025-01-13,19.0259990692,19.0380001068,18.7000007629,18.7000007629,9800
2025-01-14,17.3799991608,18.9500007629,17.3799991608,18.8199996948,76500
2025-01-15,17.3099994659,17.6599998474,16.8099994659,16.9599990845,149200
2025-01-16,17.5499992371,17.8999996185,17.3099994659,17.3099994659,38500
2025-01-17,17.4500007629,17.7800006866,17.3999996185,17.5499992371,13100
2025-01-21,17.0599994659,17.3600006104,16.7229995728,17.3600006104,78500
2025-01-22,17.1200008392,17.1599998474,16.6900005341,16.7999992371,108100
2025-01-23,16.8799991608,17.1900005341,16.8449993134,16.8899993896,20400
2025-01-24,16.8500003815,16.9300003052,16.6599998474,16.7900009155,39900
2025-01-27,16.4300003052,16.8400001526,16.3999996185,16.6900005341,48300
2025-01-28,16.6000003815,16.7800006866,16.1499996185,16.2500000000,95800
2025-01-29,16.8400001526,16.9799995422,16.4899997711,16.5499992371,35000
2025-01-30,16.7500000000,17.0970001221,16.6700000763,16.9300003052,76800
2025-01-31,16.8600006104,16.8600006104,16.5799999237,16.7600002289,78000
2025-02-03,16.5499992371,16.9500007629,16.5100002289,16.5100002289,31600
2025-02-04,16.5699996948,16.7600002289,16.5499992371,16.6800003052,7600
2025-02-05,16.4780006409,16.7099990845,16.3810005188,16.6299991608,90700
2025-02-06,16.3400001526,16.3700008392,16.2500000000,16.3400001526,104400
2025-02-07,16.2399997711,16.2600002289,16.0699996948,16.2600002289,37300
2025-02-10,16.1000003815,16.2099990845,16.0200004578,16.1499996185,36100
2025-02-11,16.3799991608,16.3799991608,15.9899997711,16.0000000000,236100
2025-02-12,16.4200000763,16.6000003815,16.3400001526,16.6000003815,44000
2025-02-13,16.5799999237,16.6200008392,16.3610000610,16.3999996185,82100
2025-02-14,17.0200004578,17.0259990692,16.6299991608,16.6849994659,65800
2025-02-18,16.6949996948,17.0000000000,16.6200008392,17.0000000000,48900
2025-02-19,16.4799995422,16.4799995422,16.3139991760,16.3899993896,26600
2025-02-20,16.7399997711,16.7399997711,16.3099994659,16.3099994659,113500
2025-02-21,17.0400009155,17.0799999237,16.7999992371,16.8600006104,41600
2025-02-24,17.1000003815,17.1569995880,17.0200004578,17.1200008392,55800
2025-02-25,17.1569995880,17.1599998474,16.9400005341,17.0799999237,21700
2025-02-26,17.3899993896,17.5060005188,16.9599990845,17.0200004578,43000
2025-02-27,17.4899997711,17.7800006866,17.1399993896,17.3600006104,93200
2025-02-28,17.3400001526,17.4899997711,17.2900009155,17.4899997711,25400
2025-03-03,17.3999996185,17.6000003815,17.1399993896,17.6000003815,133500
2025-03-04,17.4099998474,17.5000000000,17.2210006714,17.3299999237,42900
2025-03-05,17.6499996185,17.7099990845,17.3700008392,17.3999996185,18800
2025-03-06,17.8600006104,17.8600006104,17.6849994659,17.7500000000,34700
2025-03-07,17.8700008392,17.9699993134,17.8050003052,17.8999996185,26700
2025-03-10,17.3299999237,17.8799991608,17.1900005341,17.8799991608,18300
2025-03-11,16.9489994049,17.2000007629,16.8850002289,16.9400005341,18600
2025-03-12,16.8899993896,16.9699993134,16.7399997711,16.7399997711,26200
2025-03-13,16.2099990845,16.3999996185,16.0000000000,16.2600002289,150400
2025-03-14,16.2500000000,16.4400005341,16.1200008392,16.4400005341,75100
2025-03-17,16.3799991608,16.4200000763,16.1900005341,16.2600002289,70300
2025-03-18,16.8799991608,16.9389991760,16.3799991608,16.3799991608,29700
2025-03-19,16.6200008392,16.7999992371,16.4799995422,16.7800006866,29900
2025-03-20,16.5750007629,16.7199993134,16.5000000000,16.7199993134,16500
2025-03-21,16.6380004883,16.6900005341,16.5400009155,16.5799999237,12000
2025-03-24,17.2500000000,17.2689990997,16.5499992371,16.6000003815,28600
2025-03-25,17.1250000000,17.3099994659,17.0599994659,17.3099994659,18000
2025-03-26,16.7399997711,17.0179996490,16.7299995422,16.9799995422,18600
2025-03-27,16.6550006866,16.8400001526,16.6469993591,16.8299999237,31000
2025-03-28,16.8199996948,16.8439998627,16.7049999237,16.8250007629,8900
2025-03-31,16.6399993896,16.8799991608,16.6200008392,16.7900009155,60000
2025-04-01,16.6100006104,16.6100006104,16.5100002289,16.5599994659,3600
2025-04-02,16.3700008392,16.5699996948,16.3099994659,16.5400009155,22100
2025-04-03,16.3199996948,16.3500003815,16.2110004425,16.3199996948,24800
2025-04-04,16.0100002289,16.1000003815,15.7700004578,16.0200004578,116800
2025-04-07,16.1499996185,16.2399997711,16.0300006866,16.2299995422,30500
2025-04-08,16.2199993134,16.5200004578,15.9910001755,16.4300003052,42500
2025-04-09,14.6599998474,14.9200000763,13.6110000610,13.6499996185,264400
2025-04-10,14.6599998474,14.7700004578,14.3699998856,14.5000000000,40200
2025-04-11,14.4499998093,14.7200002670,14.3909997940,14.6300001144,52900
2025-04-14,14.4280004501,14.5389995575,14.4099998474,14.4700002670,22400
2025-04-15,15.0699996948,15.3100004196,14.7010002136,14.8599996567,84700
2025-04-16,15.0000000000,15.0000000000,14.6999998093,14.9300003052,9800
2025-04-17,15.0200004578,15.1599998474,14.9499998093,14.9600000381,12000
2025-04-21,14.9449996948,15.1700000763,14.8299999237,15.1199998856,12200
2025-04-22,14.6499996185,14.8540000916,14.6149997711,14.8500003815,125500
2025-04-23,14.6000003815,14.8100004196,14.5769996643,14.8100004196,45100
2025-04-24,14.6499996185,14.8000001907,14.5799999237,14.6400003433,47300
2025-04-25,14.8800001144,14.8999996185,14.7709999084,14.8369998932,17900
2025-04-28,14.8100004196,14.8999996185,14.7500000000,14.8999996185,36300
2025-04-29,14.7200002670,14.8000001907,14.6899995804,14.7799997330,34100
2025-04-30,14.7600002289,14.8400001526,14.7259998322,14.7500000000,47800
2025-05-01,14.9499998093,14.9799995422,14.7270002365,14.7700004578,22100
2025-05-02,15.0799999237,15.1949996948,14.8800001144,14.9799995422,26700
2025-05-05,15.1199998856,15.1999998093,15.0100002289,15.1999998093,17500
2025-05-06,15.2799997330,15.2799997330,15.1000003815,15.1000003815,17200
2025-05-07,15.1850004196,15.2200002670,15.1400003433,15.1599998474,10900
2025-05-08,15.2399997711,15.2449998856,15.1199998856,15.1800003052,31400
2025-05-09,15.3800001144,15.4200000763,15.2399997711,15.2500000000,14500
2025-05-12,15.5100002289,15.5900001526,15.4200000763,15.4899997711,21800
2025-05-13,15.4300003052,15.4600000381,15.3400001526,15.3699998856,17300
2025-05-14,15.3299999237,15.7550001144,15.3000001907,15.4700002670,46800
2025-05-15,15.0600004196,15.3319997787,15.0299997330,15.3319997787,62500
2025-05-16,14.9600000381,15.0200004578,14.8999996185,15.0200004578,90200
2025-05-19,14.8000001907,14.9399995804,14.7790002823,14.8999996185,78600
2025-05-20,14.8100004196,15.0100002289,14.7700004578,14.7950000763,35200
2025-05-21,14.8529996872,14.8999996185,14.7600002289,14.8000001907,20500
2025-05-22,14.8599996567,14.9530000687,14.7500000000,14.8299999237,31500
2025-05-23,14.8999996185,14.9099998474,14.7899999619,14.8199996948,14800
2025-05-27,14.7700004578,14.8900003433,14.7180004120,14.7500000000,26200
2025-05-28,14.6899995804,14.8100004196,14.6199998856,14.7500000000,40000
2025-05-29,14.6599998474,14.7299995422,14.3599996567,14.6700000763,65900
2025-05-30,14.6099996567,14.6599998474,14.5399999619,14.6599998474,18700
2025-06-02,14.6800003052,14.7489995956,14.5799999237,14.6000003815,77600
2025-06-03,14.6599998474,14.7399997711,14.6599998474,14.6899995804,9400
2025-06-04,14.6000003815,14.7500000000,14.6000003815,14.6709995270,72600
2025-06-05,14.6850004196,14.7399997711,14.6099996567,14.6499996185,25000
2025-06-06,14.7500000000,14.7600002289,14.6499996185,14.6899995804,35000
2025-06-09,14.6599998474,14.7399997711,14.6129999161,14.6899995804,226500
2025-06-10,14.6300001144,14.7200002670,14.5600004196,14.6020002365,56000
2025-06-11,14.6099996567,14.6350002289,14.5200004578,14.5299997330,36800
2025-06-12,14.5900001526,14.6499996185,14.5699996948,14.5900001526,38500
2025-06-13,14.6510000229,14.7150001526,14.6300001144,14.6499996185,32500
2025-06-16,14.6800003052,14.7500000000,14.6400003433,14.6400003433,29900
2025-06-17,14.8400001526,14.8649997711,14.6800003052,14.7299995422,18200
2025-06-18,15.1599998474,15.1800003052,14.8599996567,14.8999996185,37200
2025-06-20,15.1999998093,15.2849998474,15.1400003433,15.1400003433,37900
2025-06-23,15.1800003052,15.3299999237,15.1800003052,15.3000001907,46300
2025-06-24,15.3000001907,15.3000001907,15.0950002670,15.2200002670,53000
2025-06-25,15.5500001907,15.6199998856,15.4390001297,15.5000000000,135600
2025-06-26,15.3999996185,15.5900001526,15.3050003052,15.5900001526,48300
2025-06-27,15.4399995804,15.4989995956,15.2500000000,15.4600000381,14500
2025-06-30,15.5200004578,15.6099996567,15.2690000534,15.2690000534,26500
2025-07-01,15.4589996338,15.5900001526,15.4399995804,15.5900001526,27800
2025-07-02,15.5050001144,15.5389995575,15.3400001526,15.4960002899,7700
2025-07-03,15.5299997330,15.5500001907,15.5000000000,15.5129995346,35700
2025-07-07,15.4300003052,15.4899997711,15.4099998474,15.4300003052,14400
2025-07-08,15.3699998856,15.3999996185,15.3000001907,15.3400001526,23100
2025-07-09,15.4300003052,15.4600000381,15.3599996567,15.3699998856,20400
2025-07-10,15.3900003433,15.4910001755,15.3229999542,15.3400001526,8700
2025-07-11,15.5530004501,15.5799999237,15.3299999237,15.3699998856,22600
2025-07-14,15.4899997711,15.6000003815,15.4399995804,15.4399995804,147800
2025-07-15,15.4099998474,15.4499998093,15.3699998856,15.3699998856,13300
2025-07-16,15.4700002670,15.4899997711,15.3500003815,15.3900003433,16000
2025-07-17,15.5000000000,15.5500001907,15.4899997711,15.5100002289,47700
2025-07-18,15.4700002670,15.5000000000,15.3999996185,15.4499998093,20100
2025-07-21,15.3800001144,15.4700002670,15.3599996567,15.4499998093,16400
2025-07-22,15.4499998093,15.4700002670,15.3879995346,15.4399995804,2600
2025-07-23,15.3900003433,15.4200000763,15.3699998856,15.3900003433,6600
2025-07-24,15.3400001526,15.3699998856,15.2299995422,15.3699998856,20500
2025-07-25,15.3330001831,15.3620004654,15.2899999619,15.3400001526,8000
2025-07-28,15.3000001907,15.3500003815,15.2799997330,15.2799997330,9700
2025-07-29,15.5399999619,15.6000003815,15.3100004196,15.3699998856,18200
2025-07-30,15.6000003815,15.6199998856,15.5200004578,15.5399999619,17700
2025-07-31,15.4700002670,15.6499996185,15.4630002975,15.6499996185,29000
2025-08-01,15.4630002975,15.5399999619,15.3599996567,15.5399999619,3900
2025-08-04,15.3800001144,15.4099998474,15.3199996948,15.3500003815,4600
2025-08-05,15.4899997711,15.5000000000,15.3710002899,15.3800001144,13700
2025-08-06,15.4799995422,15.4899997711,15.3900003433,15.4799995422,6700
2025-08-07,15.5200004578,15.5200004578,15.4600000381,15.5200004578,13900
2025-08-08,15.5299997330,15.5900001526,15.4549999237,15.4799995422,673000
2025-08-11,15.5900001526,15.6300001144,15.5100002289,15.5900001526,31900
2025-08-12,15.6000003815,15.6099996567,15.5139999390,15.6000003815,4300
2025-08-13,15.5799999237,15.6400003433,15.4799995422,15.6400003433,35300
2025-08-14,15.6199998856,15.6199998856,15.4610004425,15.5600004196,28500
2025-08-15,15.5699996948,15.5699996948,15.4499998093,15.4600000381,23600
2025-08-18,15.6400003433,15.6700000763,15.4809999466,15.5100002289,29300
2025-08-19,15.8400001526,15.9499998093,15.6499996185,15.6700000763,49000
2025-08-20,15.9200000763,16.1000003815,15.7779998779,15.8000001907,70800
2025-08-21,15.8400001526,16.0599994659,15.7980003357,16.0599994659,24600
2025-08-22,15.8800001144,15.8800001144,15.7700004578,15.8699998856,418300
2025-08-25,15.7799997330,15.8500003815,15.7139997482,15.7139997482,8200
2025-08-26,15.9200000763,15.9499998093,15.7700004578,15.8599996567,19800
2025-08-27,15.9700002670,16.1700000763,15.7799997330,15.7799997330,98800
2025-08-28,16.2000007629,16.2000007629,15.9399995804,15.9600000381,121500
2025-08-29,16.1800003052,16.2199993134,16.1299991608,16.1299991608,56000
2025-09-02,16.2199993134,16.4400005341,16.1000003815,16.4099998474,104100
2025-09-03,16.0900001526,16.1949996948,16.0499992371,16.1800003052,193700
2025-09-04,15.9399995804,16.0699996948,15.8699998856,16.0699996948,32100
2025-09-05,15.9589996338,16.0300006866,15.0450000763,15.8999996185,141200
2025-09-08,15.5500001907,16.0400009155,15.5500001907,15.9600000381,109000
2025-09-09,15.6999998093,15.7899999619,15.3599996567,15.4799995422,83800
2025-09-10,16.7299995422,17.1299991608,16.3299999237,16.3400001526,132300
2025-09-11,17.2199993134,17.3199996948,16.9099998474,17.0400009155,222700
2025-09-12,17.5799999237,17.6499996185,17.2500000000,17.3999996185,90600
2025-09-15,17.9300003052,18.1599998474,17.8449993134,18.0699996948,91100
2025-09-16,17.4799995422,17.7500000000,17.3700008392,17.7500000000,146700
2025-09-17,17.1399993896,17.3850002289,17.0699996948,17.3099994659,266100
2025-09-18,17.2299995422,17.2900009155,17.0000000000,17.2900009155,212200
2025-09-19,17.3199996948,17.4500007629,17.1900005341,17.4500007629,82200
2025-09-22,17.1499996185,17.4899997711,17.1499996185,17.3400001526,143000
2025-09-23,17.2199993134,17.2299995422,17.1200008392,17.1499996185,100800
2025-09-24,17.1900005341,17.2399997711,17.0599994659,17.0900001526,11200
2025-09-25,17.0699996948,17.1749992371,17.0699996948,17.1499996185,20400
2025-09-26,17.2299995422,17.3099994659,17.0699996948,17.1240005493,20500
2025-09-29,17.0499992371,17.1599998474,17.0100002289,17.1599998474,47100
2025-09-30,17.0699996948,17.1200008392,17.0000000000,17.0100002289,36800
2025-10-01,17.2600002289,17.2749996185,17.1100006104,17.1900005341,40300
2025-10-02,17.5300006866,17.5499992371,17.2000007629,17.2000007629,699100
2025-10-03,17.6700000763,17.7350006104,17.5900001526,17.5900001526,37300
2025-10-06,17.7399997711,17.7900009155,17.7000007629,17.7000007629,11600
2025-10-07,17.7700004578,17.7700004578,17.6429996490,17.6599998474,16100
2025-10-08,17.8199996948,17.8490009308,17.6700000763,17.7199993134,17700
2025-10-09,17.8099994659,17.8099994659,17.6949996948,17.7649993896,29000
2025-10-10,17.8700008392,17.9799995422,17.7999992371,17.7999992371,27300
2025-10-13,18.0000000000,18.0000000000,17.9340000153,17.9899997711,19500
2025-10-14,17.9599990845,18.0499992371,17.9249992371,18.0000000000,19400
2025-10-15,17.9549999237,17.9699993134,17.8999996185,17.9689998627,32500
2025-10-16,18.0000000000,18.0400009155,17.9500007629,17.9510002136,11100
2025-10-17,17.9799995422,18.0000000000,17.9300003052,18.0000000000,64800
2025-10-20,17.8560009003,18.0000000000,17.8500003815,17.9400005341,16700
2025-10-21,17.7150001526,17.8899993896,17.6800003052,17.8500003815,62000
2025-10-22,17.7500000000,17.8199996948,17.7000007629,17.7999992371,9900
2025-10-23,17.6900005341,17.7600002289,17.6499996185,17.7000007629,31500
2025-10-24,17.7199993134,17.7500000000,17.6800003052,17.7399997711,20500
2025-10-27,17.7399997711,17.7500000000,17.6299991608,17.6900005341,42600
2025-10-28,17.6599998474,17.8099994659,17.6200008392,17.8099994659,17700
2025-10-29,17.8400001526,18.0100002289,17.4599990845,17.6900005341,32000
2025-10-30,17.8299999237,17.9599990845,17.7900009155,17.8600006104,10900
2025-10-31,17.5699996948,17.8899993896,17.5000000000,17.8299999237,46300
2025-11-03,17.0100002289,17.5499992371,17.0100002289,17.5450000763,43600
2025-11-04,17.0100002289,17.1399993896,16.9500007629,17.1000003815,16500
2025-11-05,16.8500003815,17.0200004578,16.8199996948,17.0200004578,42600
2025-11-06,16.9099998474,16.9099998474,16.7399997711,16.8999996185,50900
2025-11-07,16.8299999237,16.9699993134,16.6700000763,16.8500003815,50500
2025-11-10,16.7000007629,16.8500003815,16.7000007629,16.8500003815,57500
2025-11-11,16.7099990845,16.7539997101,16.6700000763,16.7299995422,32800
2025-11-12,16.6550006866,16.7749996185,16.6000003815,16.7399997711,28800
2025-11-13,16.7800006866,16.7900009155,16.6180000305,16.6499996185,71500
2025-11-14,16.6499996185,16.7000007629,16.5499992371,16.6200008392,33000
2025-11-17,16.5300006866,16.6399993896,16.5139999390,16.6399993896,17700
2025-11-18,16.6700000763,16.7290000916,16.6200008392,16.6200008392,36400
2025-11-19,16.6949996948,16.8199996948,16.6299991608,16.7700004578,39500
2025-11-20,16.6800003052,16.7689990997,16.6599998474,16.7000007629,19500
2025-11-21,16.6459999084,16.7000007629,16.6459999084,16.6800003052,6100
2025-11-24,16.6200008392,16.7299995422,16.5599994659,16.5599994659,59000
2025-11-25,16.5000000000,16.6700000763,16.5000000000,16.6389999390,16800
2025-11-26,16.1000003815,16.6079998016,16.0100002289,16.6079998016,50300
2025-11-28,16.1000003815,16.2500000000,16.0499992371,16.0499992371,19400
2025-12-01,16.1299991608,16.2399997711,16.0599994659,16.1499996185,64800
2025-12-02,16.1299991608,16.5200004578,16.0000000000,16.0000000000,26300
2025-12-03,16.2299995422,16.2980003357,16.0900001526,16.0900001526,11300
2025-12-04,16.3700008392,16.3799991608,16.2299995422,16.2299995422,23600
2025-12-05,16.6800003052,16.6800003052,16.3530006409,16.4099998474,117400
2025-12-08,16.7000007629,16.7800006866,16.5919990540,16.7500000000,57500
2025-12-09,16.6200008392,16.7199993134,16.5049991608,16.7199993134,204100
2025-12-10,16.6599998474,16.6700000763,16.6000003815,16.6000003815,15500
2025-12-11,16.7000007629,16.7399997711,16.5400009155,16.5400009155,18100
2025-12-12,16.8299999237,16.8799991608,16.6429996490,16.7900009155,60100
2025-12-15,16.8560009003,16.9300003052,16.8400001526,16.8999996185,42900
2025-12-16,16.8159999847,17.0000000000,16.7399997711,16.9500007629,14400
2025-12-17,16.8740005493,16.9200000763,16.8209991455,16.9200000763,19200
2025-12-18,16.9060001373,17.0200004578,16.8099994659,16.8299999237,113400
2025-12-19,16.9689998627,17.0690002441,16.9200000763,17.0000000000,176400
2025-12-22,16.4799995422,16.5300006866,16.4200000763,16.4699993134,81600
2025-12-23,16.5699996948,16.6100006104,16.4599990845,16.5400009155,151500
2025-12-24,16.5750007629,16.6299991608,16.5300006866,16.6299991608,21200
2025-12-26,16.6650009155,16.7299995422,16.5400009155,16.5400009155,188300
2025-12-29,16.6399993896,16.6599998474,16.5419998169,16.6000003815,93000
2025-12-30,16.7450008392,16.7600002289,16.5699996948,16.5699996948,30900
2025-12-31,16.8099994659,16.9300003052,16.7609996796,16.9300003052,109300
2026-01-02,17.1800003052,17.9500007629,16.8799991608,16.8899993896,81000
2026-01-05,17.4500007629,17.5000000000,17.2450008392,17.2889995575,54800
2026-01-06,17.4479999542,17.5599994659,17.3600006104,17.4500007629,45600
2026-01-07,17.4899997711,17.5599994659,17.2299995422,17.2299995422,81300
2026-01-08,17.0750007629,17.5400009155,17.0699996948,17.5400009155,19200
2026-01-09,16.4899997711,16.8549995422,16.4200000763,16.6200008392,54800
2026-01-12,17.0100002289,17.2700004578,16.5699996948,16.6499996185,66000
2026-01-13,16.5200004578,17.3799991608,16.3899993896,17.1700000763,115900
2026-01-14,16.8899993896,16.9090003967,16.6499996185,16.9090003967,26300
2026-01-15,16.8400001526,17.0599994659,16.6949996948,16.9860000610,34400
2026-01-16,16.2500000000,16.5799999237,16.1499996185,16.5799999237,54800
2026-01-20,16.1599998474,16.2189998627,15.9399995804,16.0699996948,108700
2026-01-21,16.0900001526,16.0900001526,15.8549995422,16.0470008850,16000
2026-01-22,15.9849996567,16.0900001526,15.8610000610,16.0900001526,28900
2026-01-23,15.8280000687,15.9499998093,15.7880001068,15.8299999237,29600
2026-01-26,15.6400003433,15.8100004196,15.5399999619,15.8100004196,45400
2026-01-27,15.6029996872,15.6289997101,15.3900003433,15.6000003815,20400
2026-01-28,15.5749998093,15.7150001526,15.5270004272,15.7150001526,24500
2026-01-29,15.3599996567,15.5500001907,15.3450002670,15.5500001907,42000
2026-01-30,15.2139997482,15.3000001907,15.1599998474,15.3000001907,44500
2026-02-02,15.2159996033,15.2799997330,15.0909996033,15.1099996567,28400
2026-02-03,15.2399997711,15.2700004578,15.1879997253,15.2299995422,38600
2026-02-04,15.3000001907,15.3000001907,15.2100000381,15.2200002670,7700
2026-02-05,15.2899999619,15.2899999619,15.2200002670,15.2600002289,36500
2026-02-06,15.3000001907,15.3000001907,15.2200002670,15.2899999619,27900
2026-02-09,15.3769998550,15.4300003052,15.1800003052,15.2399997711,77200
2026-02-10,15.2700004578,15.3800001144,15.1899995804,15.3800001144,45900
2026-02-11,15.2100000381,15.3129997253,15.1499996185,15.2399997711,50900
2026-02-12,15.1709995270,15.2299995422,15.1499996185,15.2200002670,38500
2026-02-13,15.1899995804,15.2259998322,15.1499996185,15.1499996185,35300
2026-02-17,15.1269998550,15.2200002670,15.0900001526,15.0900001526,36200
2026-02-18,15.2299995422,15.2600002289,15.1499996185,15.1499996185,20900
2026-02-19,15.3009996414,15.3800001144,15.2449998856,15.3199996948,33500
2026-02-20,15.2449998856,15.2790002823,15.2200002670,15.2600002289,38200
2026-02-23,15.2500000000,15.2799997330,15.1599998474,15.2200002670,51900
2026-02-24,15.2600002289,15.2899999619,15.2500000000,15.2500000000,16500
2026-02-25,15.1899995804,15.2860002518,15.1850004196,15.2860002518,39900
2026-02-26,15.1800003052,15.1800003052,15.1700000763,15.1599998474,20911
